municipio_id,municipio,ano,quantidade_ton,valor_mil_reais
2100204,Alcântara - MA,1995,6.0,2.0
2100204,Alcântara - MA,1996,48.0,14.0
2100204,Alcântara - MA,1997,48.0,14.0
2100204,Alcântara - MA,1998,47.0,14.0
2100204,Alcântara - MA,1999,48.0,17.0
2100204,Alcântara - MA,2000,5.0,2.0
2100204,Alcântara - MA,2001,5.0,2.0
2100204,Alcântara - MA,2002,5.0,3.0
2100204,Alcântara - MA,2003,7.0,3.0
2100204,Alcântara - MA,2004,64.0,32.0
2100204,Alcântara - MA,2005,65.0,33.0
2100204,Alcântara - MA,2006,78.0,39.0
2100204,Alcântara - MA,2007,78.0,39.0
2100204,Alcântara - MA,2008,90.0,45.0
2100204,Alcântara - MA,2009,86.0,51.0
2100204,Alcântara - MA,2010,69.0,48.0
2100204,Alcântara - MA,2011,84.0,67.0
2100204,Alcântara - MA,2012,91.0,86.0
2100204,Alcântara - MA,2013,97.0,88.0
2100204,Alcântara - MA,2014,106.0,106.0
2100204,Alcântara - MA,2015,101.0,122.0
2100204,Alcântara - MA,2016,90.0,122.0
2100204,Alcântara - MA,2017,85.0,128.0
2100204,Alcântara - MA,2018,87.0,182.0
2100204,Alcântara - MA,2019,89.0,205.0
2100204,Alcântara - MA,2020,90.0,215.0
2100204,Alcântara - MA,2021,89.0,231.0
2100204,Alcântara - MA,2022,91.0,259.0
2100204,Alcântara - MA,2023,93.0,278.0
2100204,Alcântara - MA,2024,90.0,314.0
2100402,Altamira do Maranhão - MA,2018,96.0,120.0
2100402,Altamira do Maranhão - MA,2019,98.0,147.0
2100402,Altamira do Maranhão - MA,2020,99.0,158.0
2100402,Altamira do Maranhão - MA,2021,99.0,167.0
2100402,Altamira do Maranhão - MA,2022,100.0,200.0
2100402,Altamira do Maranhão - MA,2023,80.0,152.0
2100402,Altamira do Maranhão - MA,2024,279.0,650.0
2100477,Alto Alegre do Pindaré - MA,2014,12.0,16.0
2100477,Alto Alegre do Pindaré - MA,2015,14.0,20.0
2100477,Alto Alegre do Pindaré - MA,2016,15.0,24.0
2100477,Alto Alegre do Pindaré - MA,2017,17.0,35.0
2100477,Alto Alegre do Pindaré - MA,2018,18.0,39.0
2100477,Alto Alegre do Pindaré - MA,2019,20.0,46.0
2100477,Alto Alegre do Pindaré - MA,2020,21.0,57.0
2100477,Alto Alegre do Pindaré - MA,2021,23.0,70.0
2100477,Alto Alegre do Pindaré - MA,2022,26.0,90.0
2100477,Alto Alegre do Pindaré - MA,2023,29.0,118.0
2100477,Alto Alegre do Pindaré - MA,2024,30.0,139.0
2100550,Amapá do Maranhão - MA,1997,1091.0,546.0
2100550,Amapá do Maranhão - MA,1998,1097.0,494.0
2100550,Amapá do Maranhão - MA,1999,1102.0,441.0
2100550,Amapá do Maranhão - MA,2000,1212.0,364.0
2100550,Amapá do Maranhão - MA,2001,1218.0,451.0
2100550,Amapá do Maranhão - MA,2002,1279.0,640.0
2100550,Amapá do Maranhão - MA,2003,767.0,384.0
2100550,Amapá do Maranhão - MA,2004,990.0,594.0
2100550,Amapá do Maranhão - MA,2005,1040.0,572.0
2100550,Amapá do Maranhão - MA,2006,1077.0,646.0
2100550,Amapá do Maranhão - MA,2007,1131.0,735.0
2100550,Amapá do Maranhão - MA,2008,905.0,769.0
2100550,Amapá do Maranhão - MA,2009,923.0,1080.0
2100550,Amapá do Maranhão - MA,2010,883.0,794.0
2100550,Amapá do Maranhão - MA,2011,964.0,964.0
2100550,Amapá do Maranhão - MA,2012,948.0,1042.0
2100550,Amapá do Maranhão - MA,2013,964.0,1205.0
2100550,Amapá do Maranhão - MA,2014,1017.0,1424.0
2100550,Amapá do Maranhão - MA,2015,1276.0,1851.0
2100550,Amapá do Maranhão - MA,2016,1648.0,2192.0
2100550,Amapá do Maranhão - MA,2017,1780.0,2581.0
2100550,Amapá do Maranhão - MA,2018,1972.0,3549.0
2100550,Amapá do Maranhão - MA,2019,2258.0,3951.0
2100550,Amapá do Maranhão - MA,2020,2389.0,4778.0
2100550,Amapá do Maranhão - MA,2021,2169.0,4771.0
2100550,Amapá do Maranhão - MA,2022,2223.0,5113.0
2100550,Amapá do Maranhão - MA,2023,2351.0,7052.0
2100550,Amapá do Maranhão - MA,2024,1998.0,6394.0
2100600,Amarante do Maranhão - MA,2010,1.0,1.0
2100600,Amarante do Maranhão - MA,2011,1.0,1.0
2100600,Amarante do Maranhão - MA,2012,1.0,1.0
2100600,Amarante do Maranhão - MA,2013,1.0,1.0
2100600,Amarante do Maranhão - MA,2014,1.0,1.0
2100600,Amarante do Maranhão - MA,2015,1.0,1.0
2100600,Amarante do Maranhão - MA,2016,1.0,1.0
2100600,Amarante do Maranhão - MA,2017,0.0,0.0
2100600,Amarante do Maranhão - MA,2018,0.0,0.0
2100600,Amarante do Maranhão - MA,2019,0.0,1.0
2100600,Amarante do Maranhão - MA,2020,0.0,1.0
2100600,Amarante do Maranhão - MA,2021,0.0,1.0
2100600,Amarante do Maranhão - MA,2022,0.0,1.0
2100709,Anajatuba - MA,1996,11.0,4.0
2100709,Anajatuba - MA,1997,10.0,3.0
2100709,Anajatuba - MA,1998,11.0,5.0
2100709,Anajatuba - MA,1999,11.0,5.0
2100709,Anajatuba - MA,2000,12.0,5.0
2100709,Anajatuba - MA,2001,12.0,7.0
2100709,Anajatuba - MA,2002,12.0,9.0
2100709,Anajatuba - MA,2003,12.0,11.0
2100709,Anajatuba - MA,2004,13.0,15.0
2100709,Anajatuba - MA,2005,13.0,17.0
2100709,Anajatuba - MA,2006,14.0,20.0
2100709,Anajatuba - MA,2007,15.0,26.0
2100709,Anajatuba - MA,2008,15.0,31.0
2100709,Anajatuba - MA,2009,15.0,31.0
2100709,Anajatuba - MA,2010,19.0,37.0
2100709,Anajatuba - MA,2011,19.0,45.0
2100709,Anajatuba - MA,2012,19.0,38.0
2100709,Anajatuba - MA,2013,19.0,40.0
2100709,Anajatuba - MA,2014,19.0,42.0
2100709,Anajatuba - MA,2015,19.0,41.0
2100709,Anajatuba - MA,2016,19.0,48.0
2100709,Anajatuba - MA,2017,16.0,44.0
2100709,Anajatuba - MA,2018,16.0,45.0
2100709,Anajatuba - MA,2019,16.0,44.0
2100709,Anajatuba - MA,2020,16.0,45.0
2100709,Anajatuba - MA,2021,17.0,46.0
2100709,Anajatuba - MA,2022,17.0,48.0
2100709,Anajatuba - MA,2023,17.0,51.0
2100709,Anajatuba - MA,2024,17.0,53.0
2100832,Apicum-Açu - MA,1997,12.0,3.0
2100832,Apicum-Açu - MA,1998,12.0,3.0
2100832,Apicum-Açu - MA,1999,12.0,3.0
2100832,Apicum-Açu - MA,2000,12.0,9.0
2100832,Apicum-Açu - MA,2001,13.0,3.0
2100832,Apicum-Açu - MA,2010,5.0,5.0
2100832,Apicum-Açu - MA,2011,5.0,8.0
2100832,Apicum-Açu - MA,2012,5.0,8.0
2100832,Apicum-Açu - MA,2013,6.0,8.0
2100832,Apicum-Açu - MA,2014,6.0,9.0
2100832,Apicum-Açu - MA,2015,6.0,10.0
2100832,Apicum-Açu - MA,2016,6.0,10.0
2100832,Apicum-Açu - MA,2017,6.0,12.0
2100832,Apicum-Açu - MA,2018,6.0,13.0
2100832,Apicum-Açu - MA,2019,6.0,14.0
2100832,Apicum-Açu - MA,2020,6.0,16.0
2100832,Apicum-Açu - MA,2021,6.0,16.0
2100832,Apicum-Açu - MA,2022,6.0,18.0
2100832,Apicum-Açu - MA,2023,6.0,18.0
2100832,Apicum-Açu - MA,2024,7.0,21.0
2100873,Araguanã - MA,2003,10.0,6.0
2100873,Araguanã - MA,2004,11.0,7.0
2100873,Araguanã - MA,2005,11.0,7.0
2100873,Araguanã - MA,2006,11.0,7.0
2100873,Araguanã - MA,2007,13.0,13.0
2100873,Araguanã - MA,2008,14.0,10.0
2100873,Araguanã - MA,2009,14.0,17.0
2100873,Araguanã - MA,2010,17.0,26.0
2100873,Araguanã - MA,2011,14.0,41.0
2100873,Araguanã - MA,2012,15.0,19.0
2100873,Araguanã - MA,2013,15.0,28.0
2100873,Araguanã - MA,2014,16.0,23.0
2100873,Araguanã - MA,2015,17.0,28.0
2100873,Araguanã - MA,2016,19.0,33.0
2100873,Araguanã - MA,2017,22.0,43.0
2100873,Araguanã - MA,2018,25.0,55.0
2100873,Araguanã - MA,2019,27.0,62.0
2100873,Araguanã - MA,2020,27.0,74.0
2100873,Araguanã - MA,2021,28.0,93.0
2100873,Araguanã - MA,2022,25.0,98.0
2100873,Araguanã - MA,2023,28.0,126.0
2100873,Araguanã - MA,2024,29.0,154.0
2101004,Arari - MA,2016,3.0,6.0
2101004,Arari - MA,2017,8.0,15.0
2101004,Arari - MA,2018,7.0,15.0
2101004,Arari - MA,2019,6.0,13.0
2101004,Arari - MA,2020,6.0,12.0
2101004,Arari - MA,2021,5.0,11.0
2101004,Arari - MA,2022,5.0,12.0
2101004,Arari - MA,2023,5.0,14.0
2101004,Arari - MA,2024,6.0,17.0
2101103,Axixá - MA,1995,37.0,15.0
2101103,Axixá - MA,1996,73.0,37.0
2101103,Axixá - MA,1997,72.0,29.0
2101103,Axixá - MA,1998,72.0,29.0
2101103,Axixá - MA,1999,71.0,32.0
2101103,Axixá - MA,2000,76.0,53.0
2101103,Axixá - MA,2001,78.0,39.0
2101103,Axixá - MA,2002,79.0,39.0
2101103,Axixá - MA,2003,81.0,40.0
2101103,Axixá - MA,2004,90.0,54.0
2101103,Axixá - MA,2005,87.0,43.0
2101103,Axixá - MA,2006,89.0,58.0
2101103,Axixá - MA,2007,97.0,48.0
2101103,Axixá - MA,2008,105.0,105.0
2101103,Axixá - MA,2009,120.0,120.0
2101103,Axixá - MA,2010,135.0,189.0
2101103,Axixá - MA,2011,141.0,240.0
2101103,Axixá - MA,2012,145.0,289.0
2101103,Axixá - MA,2013,145.0,319.0
2101103,Axixá - MA,2014,146.0,306.0
2101103,Axixá - MA,2015,134.0,295.0
2101103,Axixá - MA,2016,150.0,345.0
2101103,Axixá - MA,2017,156.0,390.0
2101103,Axixá - MA,2018,159.0,318.0
2101103,Axixá - MA,2019,151.0,302.0
2101103,Axixá - MA,2020,153.0,329.0
2101103,Axixá - MA,2021,158.0,347.0
2101103,Axixá - MA,2022,151.0,347.0
2101103,Axixá - MA,2023,146.0,351.0
2101103,Axixá - MA,2024,134.0,370.0
2101251,Bacabeira - MA,2001,1.0,1.0
2101251,Bacabeira - MA,2002,2.0,1.0
2101251,Bacabeira - MA,2003,2.0,1.0
2101251,Bacabeira - MA,2004,22.0,11.0
2101251,Bacabeira - MA,2005,21.0,10.0
2101251,Bacabeira - MA,2006,26.0,13.0
2101251,Bacabeira - MA,2007,27.0,13.0
2101251,Bacabeira - MA,2008,32.0,27.0
2101251,Bacabeira - MA,2009,30.0,27.0
2101251,Bacabeira - MA,2010,33.0,49.0
2101251,Bacabeira - MA,2011,31.0,56.0
2101251,Bacabeira - MA,2012,28.0,54.0
2101251,Bacabeira - MA,2013,28.0,63.0
2101251,Bacabeira - MA,2014,28.0,59.0
2101251,Bacabeira - MA,2015,28.0,62.0
2101251,Bacabeira - MA,2016,23.0,48.0
2101251,Bacabeira - MA,2017,21.0,52.0
2101251,Bacabeira - MA,2018,22.0,44.0
2101251,Bacabeira - MA,2019,21.0,44.0
2101251,Bacabeira - MA,2020,19.0,42.0
2101251,Bacabeira - MA,2021,20.0,50.0
2101251,Bacabeira - MA,2022,21.0,54.0
2101251,Bacabeira - MA,2023,23.0,63.0
2101251,Bacabeira - MA,2024,22.0,62.0
2101301,Bacuri - MA,1995,400.0,108.0
2101301,Bacuri - MA,1996,75.0,15.0
2101301,Bacuri - MA,1997,79.0,24.0
2101301,Bacuri - MA,1998,79.0,24.0
2101301,Bacuri - MA,1999,79.0,24.0
2101301,Bacuri - MA,2000,79.0,24.0
2101301,Bacuri - MA,2001,81.0,20.0
2101301,Bacuri - MA,2002,83.0,33.0
2101301,Bacuri - MA,2003,85.0,38.0
2101301,Bacuri - MA,2004,88.0,44.0
2101301,Bacuri - MA,2005,9.0,5.0
2101301,Bacuri - MA,2006,9.0,5.0
2101301,Bacuri - MA,2007,9.0,7.0
2101301,Bacuri - MA,2008,9.0,12.0
2101301,Bacuri - MA,2009,10.0,12.0
2101301,Bacuri - MA,2010,10.0,12.0
2101301,Bacuri - MA,2011,11.0,17.0
2101301,Bacuri - MA,2012,11.0,19.0
2101301,Bacuri - MA,2013,11.0,18.0
2101301,Bacuri - MA,2014,11.0,20.0
2101301,Bacuri - MA,2015,11.0,21.0
2101301,Bacuri - MA,2016,12.0,23.0
2101301,Bacuri - MA,2017,12.0,25.0
2101301,Bacuri - MA,2018,12.0,26.0
2101301,Bacuri - MA,2019,12.0,28.0
2101301,Bacuri - MA,2020,12.0,30.0
2101301,Bacuri - MA,2021,13.0,32.0
2101301,Bacuri - MA,2022,13.0,34.0
2101301,Bacuri - MA,2023,13.0,35.0
2101301,Bacuri - MA,2024,13.0,41.0
2101707,Barreirinhas - MA,1996,6.0,2.0
2101707,Barreirinhas - MA,1997,5.0,2.0
2101707,Barreirinhas - MA,1998,5.0,2.0
2101707,Barreirinhas - MA,1999,4.0,2.0
2101707,Barreirinhas - MA,2000,4.0,3.0
2101707,Barreirinhas - MA,2001,4.0,2.0
2101707,Barreirinhas - MA,2002,4.0,2.0
2101707,Barreirinhas - MA,2003,5.0,2.0
2101707,Barreirinhas - MA,2004,5.0,3.0
2101707,Barreirinhas - MA,2005,6.0,3.0
2101707,Barreirinhas - MA,2006,6.0,4.0
2101707,Barreirinhas - MA,2007,7.0,5.0
2101707,Barreirinhas - MA,2008,7.0,6.0
2101707,Barreirinhas - MA,2009,9.0,8.0
2101707,Barreirinhas - MA,2010,11.0,12.0
2101707,Barreirinhas - MA,2011,13.0,19.0
2101707,Barreirinhas - MA,2012,14.0,23.0
2101707,Barreirinhas - MA,2013,14.0,28.0
2101707,Barreirinhas - MA,2014,14.0,30.0
2101707,Barreirinhas - MA,2015,15.0,33.0
2101707,Barreirinhas - MA,2016,16.0,36.0
2101707,Barreirinhas - MA,2017,20.0,51.0
2101707,Barreirinhas - MA,2018,21.0,43.0
2101707,Barreirinhas - MA,2019,22.0,47.0
2101707,Barreirinhas - MA,2020,24.0,52.0
2101707,Barreirinhas - MA,2021,25.0,64.0
2101707,Barreirinhas - MA,2022,28.0,72.0
2101707,Barreirinhas - MA,2023,32.0,89.0
2101707,Barreirinhas - MA,2024,37.0,105.0
2101772,Bela Vista do Maranhão - MA,2013,9.0,12.0
2101772,Bela Vista do Maranhão - MA,2014,9.0,13.0
2101772,Bela Vista do Maranhão - MA,2015,11.0,18.0
2101772,Bela Vista do Maranhão - MA,2016,13.0,22.0
2101772,Bela Vista do Maranhão - MA,2017,15.0,29.0
2101772,Bela Vista do Maranhão - MA,2018,15.0,34.0
2101772,Bela Vista do Maranhão - MA,2019,17.0,38.0
2101772,Bela Vista do Maranhão - MA,2020,17.0,44.0
2101772,Bela Vista do Maranhão - MA,2021,16.0,49.0
2101772,Bela Vista do Maranhão - MA,2022,16.0,57.0
2101772,Bela Vista do Maranhão - MA,2023,17.0,101.0
2101772,Bela Vista do Maranhão - MA,2024,18.0,129.0
2101731,Belágua - MA,1997,2.0,1.0
2101731,Belágua - MA,1998,2.0,1.0
2101731,Belágua - MA,1999,2.0,1.0
2101731,Belágua - MA,2000,2.0,1.0
2101731,Belágua - MA,2001,2.0,1.0
2101731,Belágua - MA,2002,2.0,1.0
2101731,Belágua - MA,2003,2.0,2.0
2101731,Belágua - MA,2004,2.0,2.0
2101731,Belágua - MA,2005,2.0,2.0
2101731,Belágua - MA,2006,1.0,2.0
2101939,Bernardo do Mearim - MA,1997,1.0,1.0
2101939,Bernardo do Mearim - MA,1998,1.0,0.0
2101970,Boa Vista do Gurupi - MA,1997,254.0,114.0
2101970,Boa Vista do Gurupi - MA,1998,258.0,103.0
2101970,Boa Vista do Gurupi - MA,1999,260.0,109.0
2101970,Boa Vista do Gurupi - MA,2000,234.0,70.0
2101970,Boa Vista do Gurupi - MA,2001,238.0,83.0
2101970,Boa Vista do Gurupi - MA,2002,273.0,137.0
2101970,Boa Vista do Gurupi - MA,2003,287.0,161.0
2101970,Boa Vista do Gurupi - MA,2004,316.0,205.0
2101970,Boa Vista do Gurupi - MA,2005,344.0,189.0
2101970,Boa Vista do Gurupi - MA,2006,338.0,220.0
2101970,Boa Vista do Gurupi - MA,2007,408.0,285.0
2101970,Boa Vista do Gurupi - MA,2008,368.0,276.0
2101970,Boa Vista do Gurupi - MA,2009,394.0,493.0
2101970,Boa Vista do Gurupi - MA,2010,381.0,285.0
2101970,Boa Vista do Gurupi - MA,2011,414.0,372.0
2101970,Boa Vista do Gurupi - MA,2012,427.0,427.0
2101970,Boa Vista do Gurupi - MA,2013,438.0,548.0
2101970,Boa Vista do Gurupi - MA,2014,476.0,675.0
2101970,Boa Vista do Gurupi - MA,2015,517.0,755.0
2101970,Boa Vista do Gurupi - MA,2016,569.0,757.0
2101970,Boa Vista do Gurupi - MA,2017,541.0,790.0
2101970,Boa Vista do Gurupi - MA,2018,216.0,325.0
2101970,Boa Vista do Gurupi - MA,2019,218.0,365.0
2101970,Boa Vista do Gurupi - MA,2020,221.0,397.0
2101970,Boa Vista do Gurupi - MA,2021,228.0,456.0
2101970,Boa Vista do Gurupi - MA,2022,244.0,524.0
2101970,Boa Vista do Gurupi - MA,2023,251.0,627.0
2101970,Boa Vista do Gurupi - MA,2024,239.0,670.0
2102002,Bom Jardim - MA,1996,2.0,1.0
2102002,Bom Jardim - MA,1997,2.0,1.0
2102002,Bom Jardim - MA,1998,2.0,1.0
2102002,Bom Jardim - MA,1999,2.0,1.0
2102002,Bom Jardim - MA,2000,2.0,1.0
2102002,Bom Jardim - MA,2001,2.0,1.0
2102002,Bom Jardim - MA,2002,2.0,2.0
2102002,Bom Jardim - MA,2003,3.0,2.0
2102101,Brejo - MA,1997,1.0,0.0
2102101,Brejo - MA,1998,1.0,0.0
2102101,Brejo - MA,1999,1.0,1.0
2102101,Brejo - MA,2000,1.0,1.0
2102101,Brejo - MA,2001,1.0,0.0
2102374,Cachoeira Grande - MA,1997,9.0,4.0
2102374,Cachoeira Grande - MA,1998,9.0,4.0
2102374,Cachoeira Grande - MA,1999,9.0,5.0
2102374,Cachoeira Grande - MA,2000,10.0,7.0
2102374,Cachoeira Grande - MA,2001,10.0,5.0
2102374,Cachoeira Grande - MA,2002,10.0,5.0
2102374,Cachoeira Grande - MA,2003,11.0,5.0
2102374,Cachoeira Grande - MA,2004,12.0,6.0
2102374,Cachoeira Grande - MA,2005,13.0,6.0
2102374,Cachoeira Grande - MA,2006,15.0,9.0
2102374,Cachoeira Grande - MA,2007,16.0,8.0
2102374,Cachoeira Grande - MA,2008,16.0,12.0
2102374,Cachoeira Grande - MA,2009,18.0,15.0
2102374,Cachoeira Grande - MA,2010,20.0,21.0
2102374,Cachoeira Grande - MA,2011,18.0,28.0
2102374,Cachoeira Grande - MA,2012,16.0,31.0
2102374,Cachoeira Grande - MA,2013,17.0,40.0
2102374,Cachoeira Grande - MA,2014,17.0,36.0
2102374,Cachoeira Grande - MA,2015,16.0,32.0
2102374,Cachoeira Grande - MA,2016,16.0,32.0
2102374,Cachoeira Grande - MA,2017,17.0,38.0
2102374,Cachoeira Grande - MA,2018,17.0,30.0
2102374,Cachoeira Grande - MA,2019,18.0,35.0
2102374,Cachoeira Grande - MA,2020,19.0,39.0
2102374,Cachoeira Grande - MA,2021,21.0,47.0
2102374,Cachoeira Grande - MA,2022,23.0,53.0
2102374,Cachoeira Grande - MA,2023,26.0,63.0
2102374,Cachoeira Grande - MA,2024,24.0,65.0
2102507,Cajari - MA,2016,91.0,151.0
2102507,Cajari - MA,2017,85.0,184.0
2102507,Cajari - MA,2018,83.0,170.0
2102507,Cajari - MA,2019,79.0,159.0
2102507,Cajari - MA,2020,82.0,168.0
2102507,Cajari - MA,2021,84.0,177.0
2102507,Cajari - MA,2022,85.0,196.0
2102507,Cajari - MA,2023,87.0,240.0
2102507,Cajari - MA,2024,90.0,269.0
2102903,Carutapera - MA,1995,44.0,20.0
2102903,Carutapera - MA,1996,1135.0,568.0
2102903,Carutapera - MA,1997,581.0,290.0
2102903,Carutapera - MA,1998,578.0,260.0
2102903,Carutapera - MA,1999,584.0,233.0
2102903,Carutapera - MA,2000,682.0,191.0
2102903,Carutapera - MA,2001,689.0,207.0
2102903,Carutapera - MA,2002,793.0,396.0
2102903,Carutapera - MA,2003,991.0,495.0
2102903,Carutapera - MA,2004,1139.0,741.0
2102903,Carutapera - MA,2005,1196.0,694.0
2102903,Carutapera - MA,2006,1240.0,806.0
2102903,Carutapera - MA,2007,1277.0,894.0
2102903,Carutapera - MA,2008,1022.0,818.0
2102903,Carutapera - MA,2009,998.0,1178.0
2102903,Carutapera - MA,2010,1010.0,1010.0
2102903,Carutapera - MA,2011,1106.0,1162.0
2102903,Carutapera - MA,2012,1146.0,1260.0
2102903,Carutapera - MA,2013,1237.0,1485.0
2102903,Carutapera - MA,2014,1355.0,1761.0
2102903,Carutapera - MA,2015,1084.0,1517.0
2102903,Carutapera - MA,2016,1348.0,1955.0
2102903,Carutapera - MA,2017,1436.0,2225.0
2102903,Carutapera - MA,2018,1335.0,2216.0
2102903,Carutapera - MA,2019,1215.0,2248.0
2102903,Carutapera - MA,2020,1291.0,2452.0
2102903,Carutapera - MA,2021,1407.0,3236.0
2102903,Carutapera - MA,2022,1454.0,3490.0
2102903,Carutapera - MA,2023,1601.0,4162.0
2102903,Carutapera - MA,2024,1410.0,3878.0
2103109,Cedral - MA,1995,85.0,36.0
2103109,Cedral - MA,1997,11.0,3.0
2103109,Cedral - MA,1998,11.0,3.0
2103109,Cedral - MA,1999,12.0,3.0
2103109,Cedral - MA,2000,12.0,4.0
2103109,Cedral - MA,2001,13.0,3.0
2103109,Cedral - MA,2002,13.0,7.0
2103109,Cedral - MA,2003,13.0,7.0
2103109,Cedral - MA,2004,15.0,8.0
2103109,Cedral - MA,2005,15.0,9.0
2103109,Cedral - MA,2006,13.0,10.0
2103109,Cedral - MA,2007,14.0,16.0
2103109,Cedral - MA,2008,15.0,22.0
2103109,Cedral - MA,2009,16.0,11.0
2103109,Cedral - MA,2010,17.0,25.0
2103109,Cedral - MA,2011,17.0,28.0
2103109,Cedral - MA,2012,18.0,32.0
2103109,Cedral - MA,2013,18.0,29.0
2103109,Cedral - MA,2014,18.0,30.0
2103109,Cedral - MA,2015,19.0,33.0
2103109,Cedral - MA,2016,19.0,36.0
2103109,Cedral - MA,2017,19.0,35.0
2103109,Cedral - MA,2018,20.0,39.0
2103109,Cedral - MA,2019,20.0,38.0
2103109,Cedral - MA,2020,20.0,40.0
2103109,Cedral - MA,2021,21.0,48.0
2103109,Cedral - MA,2022,22.0,52.0
2103109,Cedral - MA,2023,22.0,69.0
2103109,Cedral - MA,2024,22.0,78.0
2103125,Central do Maranhão - MA,1997,1.0,0.0
2103125,Central do Maranhão - MA,1998,1.0,0.0
2103125,Central do Maranhão - MA,1999,1.0,0.0
2103125,Central do Maranhão - MA,2000,1.0,0.0
2103125,Central do Maranhão - MA,2001,1.0,0.0
2103125,Central do Maranhão - MA,2002,1.0,1.0
2103125,Central do Maranhão - MA,2003,1.0,1.0
2103125,Central do Maranhão - MA,2004,1.0,1.0
2103125,Central do Maranhão - MA,2005,1.0,1.0
2103125,Central do Maranhão - MA,2006,1.0,1.0
2103125,Central do Maranhão - MA,2007,1.0,1.0
2103125,Central do Maranhão - MA,2008,1.0,1.0
2103125,Central do Maranhão - MA,2009,1.0,1.0
2103125,Central do Maranhão - MA,2010,1.0,1.0
2103125,Central do Maranhão - MA,2011,1.0,1.0
2103125,Central do Maranhão - MA,2012,1.0,2.0
2103125,Central do Maranhão - MA,2013,1.0,2.0
2103125,Central do Maranhão - MA,2014,1.0,2.0
2103125,Central do Maranhão - MA,2015,1.0,3.0
2103125,Central do Maranhão - MA,2016,2.0,3.0
2103125,Central do Maranhão - MA,2017,2.0,3.0
2103125,Central do Maranhão - MA,2018,2.0,3.0
2103125,Central do Maranhão - MA,2019,2.0,3.0
2103125,Central do Maranhão - MA,2020,2.0,3.0
2103125,Central do Maranhão - MA,2021,2.0,4.0
2103125,Central do Maranhão - MA,2022,2.0,5.0
2103125,Central do Maranhão - MA,2023,2.0,5.0
2103125,Central do Maranhão - MA,2024,2.0,6.0
2103174,Centro Novo do Maranhão - MA,1997,161.0,80.0
2103174,Centro Novo do Maranhão - MA,1998,163.0,73.0
2103174,Centro Novo do Maranhão - MA,1999,169.0,85.0
2103174,Centro Novo do Maranhão - MA,2000,164.0,66.0
2103174,Centro Novo do Maranhão - MA,2001,166.0,70.0
2103174,Centro Novo do Maranhão - MA,2002,174.0,84.0
2103174,Centro Novo do Maranhão - MA,2003,185.0,96.0
2103174,Centro Novo do Maranhão - MA,2004,179.0,99.0
2103174,Centro Novo do Maranhão - MA,2005,249.0,137.0
2103174,Centro Novo do Maranhão - MA,2006,239.0,143.0
2103174,Centro Novo do Maranhão - MA,2007,250.0,133.0
2103174,Centro Novo do Maranhão - MA,2008,275.0,146.0
2103174,Centro Novo do Maranhão - MA,2009,281.0,359.0
2103174,Centro Novo do Maranhão - MA,2010,421.0,316.0
2103174,Centro Novo do Maranhão - MA,2011,472.0,425.0
2103174,Centro Novo do Maranhão - MA,2012,481.0,457.0
2103174,Centro Novo do Maranhão - MA,2013,498.0,523.0
2103174,Centro Novo do Maranhão - MA,2014,522.0,652.0
2103174,Centro Novo do Maranhão - MA,2015,532.0,692.0
2103174,Centro Novo do Maranhão - MA,2016,592.0,740.0
2103174,Centro Novo do Maranhão - MA,2017,706.0,952.0
2103174,Centro Novo do Maranhão - MA,2018,568.0,795.0
2103174,Centro Novo do Maranhão - MA,2019,578.0,867.0
2103174,Centro Novo do Maranhão - MA,2020,586.0,1025.0
2103174,Centro Novo do Maranhão - MA,2021,638.0,1277.0
2103174,Centro Novo do Maranhão - MA,2022,685.0,1473.0
2103174,Centro Novo do Maranhão - MA,2023,751.0,1876.0
2103174,Centro Novo do Maranhão - MA,2024,764.0,2062.0
2103158,Centro do Guilherme - MA,1997,119.0,65.0
2103158,Centro do Guilherme - MA,1998,122.0,55.0
2103158,Centro do Guilherme - MA,1999,127.0,51.0
2103158,Centro do Guilherme - MA,2000,567.0,170.0
2103158,Centro do Guilherme - MA,2001,573.0,229.0
2103158,Centro do Guilherme - MA,2002,550.0,264.0
2103158,Centro do Guilherme - MA,2003,577.0,346.0
2103158,Centro do Guilherme - MA,2004,606.0,394.0
2103158,Centro do Guilherme - MA,2005,758.0,379.0
2103158,Centro do Guilherme - MA,2006,724.0,471.0
2103158,Centro do Guilherme - MA,2007,746.0,507.0
2103158,Centro do Guilherme - MA,2008,761.0,571.0
2103158,Centro do Guilherme - MA,2009,776.0,854.0
2103158,Centro do Guilherme - MA,2010,790.0,632.0
2103158,Centro do Guilherme - MA,2011,859.0,816.0
2103158,Centro do Guilherme - MA,2012,879.0,879.0
2103158,Centro do Guilherme - MA,2013,966.0,1062.0
2103158,Centro do Guilherme - MA,2014,1009.0,1363.0
2103158,Centro do Guilherme - MA,2015,828.0,1200.0
2103158,Centro do Guilherme - MA,2016,865.0,1211.0
2103158,Centro do Guilherme - MA,2017,948.0,1403.0
2103158,Centro do Guilherme - MA,2018,759.0,1214.0
2103158,Centro do Guilherme - MA,2019,693.0,1143.0
2103158,Centro do Guilherme - MA,2020,683.0,1230.0
2103158,Centro do Guilherme - MA,2021,704.0,1407.0
2103158,Centro do Guilherme - MA,2022,771.0,1658.0
2103158,Centro do Guilherme - MA,2023,800.0,2001.0
2103158,Centro do Guilherme - MA,2024,732.0,2013.0
2103208,Chapadinha - MA,1996,2.0,1.0
2103208,Chapadinha - MA,1997,3.0,1.0
2103208,Chapadinha - MA,1998,3.0,1.0
2103208,Chapadinha - MA,1999,3.0,1.0
2103208,Chapadinha - MA,2000,3.0,2.0
2103208,Chapadinha - MA,2001,2.0,1.0
2103257,Cidelândia - MA,2003,62.0,31.0
2103257,Cidelândia - MA,2004,59.0,33.0
2103257,Cidelândia - MA,2005,56.0,28.0
2103257,Cidelândia - MA,2006,63.0,32.0
2103257,Cidelândia - MA,2007,38.0,21.0
2103257,Cidelândia - MA,2008,22.0,15.0
2103257,Cidelândia - MA,2009,20.0,12.0
2103257,Cidelândia - MA,2010,18.0,10.0
2103257,Cidelândia - MA,2011,19.0,16.0
2103257,Cidelândia - MA,2012,37.0,31.0
2103257,Cidelândia - MA,2013,53.0,45.0
2103257,Cidelândia - MA,2014,53.0,53.0
2103257,Cidelândia - MA,2015,71.0,76.0
2103257,Cidelândia - MA,2016,73.0,93.0
2103257,Cidelândia - MA,2017,232.0,320.0
2103257,Cidelândia - MA,2018,205.0,302.0
2103257,Cidelândia - MA,2019,202.0,294.0
2103257,Cidelândia - MA,2020,218.0,331.0
2103257,Cidelândia - MA,2021,221.0,363.0
2103257,Cidelândia - MA,2022,232.0,407.0
2103257,Cidelândia - MA,2023,187.0,467.0
2103257,Cidelândia - MA,2024,176.0,457.0
2103554,Conceição do Lago-Açu - MA,1997,4.0,2.0
2103554,Conceição do Lago-Açu - MA,1998,4.0,1.0
2103703,Cururupu - MA,1995,393.0,157.0
2103703,Cururupu - MA,1996,69.0,28.0
2103703,Cururupu - MA,1997,65.0,20.0
2103703,Cururupu - MA,1998,7.0,2.0
2103703,Cururupu - MA,1999,7.0,2.0
2103703,Cururupu - MA,2000,7.0,2.0
2103703,Cururupu - MA,2001,69.0,21.0
2103703,Cururupu - MA,2002,71.0,25.0
2103703,Cururupu - MA,2003,75.0,37.0
2103703,Cururupu - MA,2004,82.0,49.0
2103703,Cururupu - MA,2005,85.0,59.0
2103703,Cururupu - MA,2006,83.0,62.0
2103703,Cururupu - MA,2007,88.0,96.0
2103703,Cururupu - MA,2008,92.0,110.0
2103703,Cururupu - MA,2009,101.0,81.0
2103703,Cururupu - MA,2010,104.0,114.0
2103703,Cururupu - MA,2011,106.0,127.0
2103703,Cururupu - MA,2012,108.0,151.0
2103703,Cururupu - MA,2013,110.0,165.0
2103703,Cururupu - MA,2014,112.0,191.0
2103703,Cururupu - MA,2015,114.0,212.0
2103703,Cururupu - MA,2016,115.0,219.0
2103703,Cururupu - MA,2017,119.0,249.0
2103703,Cururupu - MA,2018,121.0,266.0
2103703,Cururupu - MA,2019,121.0,254.0
2103703,Cururupu - MA,2020,124.0,285.0
2103703,Cururupu - MA,2021,126.0,315.0
2103703,Cururupu - MA,2022,128.0,326.0
2103703,Cururupu - MA,2023,130.0,352.0
2103703,Cururupu - MA,2024,135.0,420.0
2102606,Cândido Mendes - MA,1995,20.0,9.0
2102606,Cândido Mendes - MA,1996,568.0,284.0
2102606,Cândido Mendes - MA,1997,425.0,191.0
2102606,Cândido Mendes - MA,1998,433.0,173.0
2102606,Cândido Mendes - MA,1999,438.0,197.0
2102606,Cândido Mendes - MA,2000,442.0,128.0
2102606,Cândido Mendes - MA,2001,663.0,239.0
2102606,Cândido Mendes - MA,2002,455.0,250.0
2102606,Cândido Mendes - MA,2003,546.0,279.0
2102606,Cândido Mendes - MA,2004,574.0,384.0
2102606,Cândido Mendes - MA,2005,710.0,390.0
2102606,Cândido Mendes - MA,2006,736.0,515.0
2102606,Cândido Mendes - MA,2007,773.0,541.0
2102606,Cândido Mendes - MA,2008,657.0,493.0
2102606,Cândido Mendes - MA,2009,670.0,804.0
2102606,Cândido Mendes - MA,2010,704.0,704.0
2102606,Cândido Mendes - MA,2011,767.0,844.0
2102606,Cândido Mendes - MA,2012,746.0,895.0
2102606,Cândido Mendes - MA,2013,752.0,978.0
2102606,Cândido Mendes - MA,2014,824.0,1153.0
2102606,Cândido Mendes - MA,2015,849.0,1273.0
2102606,Cândido Mendes - MA,2016,1061.0,1697.0
2102606,Cândido Mendes - MA,2017,1103.0,1831.0
2102606,Cândido Mendes - MA,2018,1050.0,1784.0
2102606,Cândido Mendes - MA,2019,1006.0,1861.0
2102606,Cândido Mendes - MA,2020,1110.0,2108.0
2102606,Cândido Mendes - MA,2021,1209.0,2419.0
2102606,Cândido Mendes - MA,2022,1303.0,2737.0
2102606,Cândido Mendes - MA,2023,1400.0,3501.0
2102606,Cândido Mendes - MA,2024,1162.0,3138.0
2104305,Godofredo Viana - MA,1995,21.0,9.0
2104305,Godofredo Viana - MA,1996,978.0,489.0
2104305,Godofredo Viana - MA,1997,182.0,100.0
2104305,Godofredo Viana - MA,1998,186.0,89.0
2104305,Godofredo Viana - MA,1999,188.0,84.0
2104305,Godofredo Viana - MA,2000,211.0,63.0
2104305,Godofredo Viana - MA,2001,216.0,110.0
2104305,Godofredo Viana - MA,2002,227.0,125.0
2104305,Godofredo Viana - MA,2003,261.0,136.0
2104305,Godofredo Viana - MA,2004,353.0,240.0
2104305,Godofredo Viana - MA,2005,441.0,247.0
2104305,Godofredo Viana - MA,2006,427.0,278.0
2104305,Godofredo Viana - MA,2007,508.0,356.0
2104305,Godofredo Viana - MA,2008,483.0,362.0
2104305,Godofredo Viana - MA,2009,473.0,591.0
2104305,Godofredo Viana - MA,2010,509.0,483.0
2104305,Godofredo Viana - MA,2011,555.0,611.0
2104305,Godofredo Viana - MA,2012,542.0,624.0
2104305,Godofredo Viana - MA,2013,564.0,677.0
2104305,Godofredo Viana - MA,2014,606.0,849.0
2104305,Godofredo Viana - MA,2015,625.0,937.0
2104305,Godofredo Viana - MA,2016,743.0,1189.0
2104305,Godofredo Viana - MA,2017,765.0,1262.0
2104305,Godofredo Viana - MA,2018,727.0,1236.0
2104305,Godofredo Viana - MA,2019,703.0,1266.0
2104305,Godofredo Viana - MA,2020,711.0,1243.0
2104305,Godofredo Viana - MA,2021,779.0,1519.0
2104305,Godofredo Viana - MA,2022,852.0,1789.0
2104305,Godofredo Viana - MA,2023,926.0,2314.0
2104305,Godofredo Viana - MA,2024,909.0,2499.0
2104651,Governador Newton Bello - MA,1999,8.0,3.0
2104651,Governador Newton Bello - MA,2000,8.0,3.0
2104651,Governador Newton Bello - MA,2001,8.0,3.0
2104651,Governador Newton Bello - MA,2002,8.0,6.0
2104651,Governador Newton Bello - MA,2003,9.0,5.0
2104651,Governador Newton Bello - MA,2004,9.0,6.0
2104651,Governador Newton Bello - MA,2005,9.0,5.0
2104651,Governador Newton Bello - MA,2006,9.0,6.0
2104651,Governador Newton Bello - MA,2007,9.0,8.0
2104651,Governador Newton Bello - MA,2008,10.0,10.0
2104651,Governador Newton Bello - MA,2009,11.0,13.0
2104651,Governador Newton Bello - MA,2010,10.0,15.0
2104651,Governador Newton Bello - MA,2011,10.0,19.0
2104651,Governador Newton Bello - MA,2012,10.0,16.0
2104651,Governador Newton Bello - MA,2013,11.0,21.0
2104651,Governador Newton Bello - MA,2014,12.0,18.0
2104651,Governador Newton Bello - MA,2015,12.0,21.0
2104651,Governador Newton Bello - MA,2016,14.0,28.0
2104651,Governador Newton Bello - MA,2017,16.0,34.0
2104651,Governador Newton Bello - MA,2018,17.0,41.0
2104651,Governador Newton Bello - MA,2019,19.0,50.0
2104651,Governador Newton Bello - MA,2020,19.0,58.0
2104651,Governador Newton Bello - MA,2021,18.0,62.0
2104651,Governador Newton Bello - MA,2022,20.0,73.0
2104651,Governador Newton Bello - MA,2023,21.0,131.0
2104651,Governador Newton Bello - MA,2024,24.0,172.0
2104677,Governador Nunes Freire - MA,1997,134.0,74.0
2104677,Governador Nunes Freire - MA,1998,137.0,66.0
2104677,Governador Nunes Freire - MA,1999,138.0,62.0
2104677,Governador Nunes Freire - MA,2000,131.0,53.0
2104677,Governador Nunes Freire - MA,2001,133.0,53.0
2104677,Governador Nunes Freire - MA,2002,135.0,61.0
2104677,Governador Nunes Freire - MA,2003,156.0,89.0
2104677,Governador Nunes Freire - MA,2004,157.0,99.0
2104677,Governador Nunes Freire - MA,2005,266.0,133.0
2104677,Governador Nunes Freire - MA,2006,258.0,155.0
2104677,Governador Nunes Freire - MA,2007,280.0,196.0
2104677,Governador Nunes Freire - MA,2008,292.0,204.0
2104677,Governador Nunes Freire - MA,2009,297.0,327.0
2104677,Governador Nunes Freire - MA,2010,563.0,450.0
2104677,Governador Nunes Freire - MA,2011,624.0,593.0
2104677,Governador Nunes Freire - MA,2012,631.0,631.0
2104677,Governador Nunes Freire - MA,2013,671.0,839.0
2104677,Governador Nunes Freire - MA,2014,704.0,999.0
2104677,Governador Nunes Freire - MA,2015,841.0,1220.0
2104677,Governador Nunes Freire - MA,2016,968.0,1432.0
2104677,Governador Nunes Freire - MA,2017,963.0,1492.0
2104677,Governador Nunes Freire - MA,2018,976.0,1659.0
2104677,Governador Nunes Freire - MA,2019,957.0,1675.0
2104677,Governador Nunes Freire - MA,2020,903.0,1626.0
2104677,Governador Nunes Freire - MA,2021,929.0,1859.0
2104677,Governador Nunes Freire - MA,2022,981.0,2159.0
2104677,Governador Nunes Freire - MA,2023,911.0,2276.0
2104677,Governador Nunes Freire - MA,2024,840.0,2269.0
2104909,Guimarães - MA,1995,113.0,39.0
2104909,Guimarães - MA,1996,9.0,3.0
2104909,Guimarães - MA,1997,9.0,3.0
2104909,Guimarães - MA,1998,9.0,3.0
2104909,Guimarães - MA,1999,10.0,3.0
2104909,Guimarães - MA,2000,10.0,3.0
2104909,Guimarães - MA,2001,10.0,2.0
2104909,Guimarães - MA,2002,10.0,5.0
2104909,Guimarães - MA,2003,10.0,6.0
2104909,Guimarães - MA,2004,10.0,6.0
2104909,Guimarães - MA,2005,10.0,6.0
2104909,Guimarães - MA,2006,10.0,8.0
2104909,Guimarães - MA,2007,11.0,9.0
2104909,Guimarães - MA,2008,11.0,13.0
2104909,Guimarães - MA,2009,11.0,9.0
2104909,Guimarães - MA,2010,11.0,12.0
2104909,Guimarães - MA,2011,11.0,14.0
2104909,Guimarães - MA,2012,11.0,15.0
2104909,Guimarães - MA,2013,12.0,18.0
2104909,Guimarães - MA,2014,12.0,19.0
2104909,Guimarães - MA,2015,12.0,22.0
2104909,Guimarães - MA,2016,12.0,24.0
2104909,Guimarães - MA,2017,13.0,23.0
2104909,Guimarães - MA,2018,13.0,27.0
2104909,Guimarães - MA,2019,13.0,25.0
2104909,Guimarães - MA,2020,13.0,26.0
2104909,Guimarães - MA,2021,13.0,31.0
2104909,Guimarães - MA,2022,14.0,33.0
2104909,Guimarães - MA,2023,14.0,37.0
2104909,Guimarães - MA,2024,15.0,47.0
2105005,Humberto de Campos - MA,1995,241.0,60.0
2105005,Humberto de Campos - MA,1996,6.0,2.0
2105005,Humberto de Campos - MA,1997,6.0,2.0
2105005,Humberto de Campos - MA,1998,6.0,2.0
2105005,Humberto de Campos - MA,1999,6.0,2.0
2105005,Humberto de Campos - MA,2000,6.0,2.0
2105005,Humberto de Campos - MA,2001,6.0,3.0
2105005,Humberto de Campos - MA,2002,6.0,3.0
2105005,Humberto de Campos - MA,2003,7.0,3.0
2105005,Humberto de Campos - MA,2004,7.0,4.0
2105005,Humberto de Campos - MA,2005,8.0,4.0
2105005,Humberto de Campos - MA,2006,8.0,4.0
2105005,Humberto de Campos - MA,2007,8.0,5.0
2105005,Humberto de Campos - MA,2008,10.0,8.0
2105005,Humberto de Campos - MA,2009,11.0,9.0
2105005,Humberto de Campos - MA,2010,11.0,11.0
2105005,Humberto de Campos - MA,2011,12.0,21.0
2105005,Humberto de Campos - MA,2012,14.0,25.0
2105005,Humberto de Campos - MA,2013,15.0,34.0
2105005,Humberto de Campos - MA,2014,15.0,32.0
2105005,Humberto de Campos - MA,2015,16.0,31.0
2105005,Humberto de Campos - MA,2016,16.0,37.0
2105005,Humberto de Campos - MA,2017,17.0,42.0
2105005,Humberto de Campos - MA,2018,18.0,40.0
2105005,Humberto de Campos - MA,2019,19.0,43.0
2105005,Humberto de Campos - MA,2020,20.0,45.0
2105005,Humberto de Campos - MA,2021,20.0,52.0
2105005,Humberto de Campos - MA,2022,22.0,56.0
2105005,Humberto de Campos - MA,2023,24.0,67.0
2105005,Humberto de Campos - MA,2024,26.0,77.0
2105104,Icatu - MA,1995,293.0,132.0
2105104,Icatu - MA,1996,5.0,2.0
2105104,Icatu - MA,1997,6.0,2.0
2105104,Icatu - MA,1998,5.0,2.0
2105104,Icatu - MA,1999,5.0,2.0
2105104,Icatu - MA,2000,6.0,4.0
2105104,Icatu - MA,2001,6.0,3.0
2105104,Icatu - MA,2002,6.0,4.0
2105104,Icatu - MA,2003,7.0,4.0
2105104,Icatu - MA,2004,9.0,5.0
2105104,Icatu - MA,2005,10.0,5.0
2105104,Icatu - MA,2006,12.0,6.0
2105104,Icatu - MA,2007,10.0,5.0
2105104,Icatu - MA,2008,10.0,8.0
2105104,Icatu - MA,2009,11.0,8.0
2105104,Icatu - MA,2010,11.0,13.0
2105104,Icatu - MA,2011,12.0,19.0
2105104,Icatu - MA,2012,11.0,19.0
2105104,Icatu - MA,2013,11.0,27.0
2105104,Icatu - MA,2014,12.0,25.0
2105104,Icatu - MA,2015,12.0,23.0
2105104,Icatu - MA,2016,11.0,21.0
2105104,Icatu - MA,2017,16.0,36.0
2105104,Icatu - MA,2018,15.0,36.0
2105104,Icatu - MA,2019,16.0,38.0
2105104,Icatu - MA,2020,17.0,39.0
2105104,Icatu - MA,2021,21.0,48.0
2105104,Icatu - MA,2022,22.0,53.0
2105104,Icatu - MA,2023,25.0,63.0
2105104,Icatu - MA,2024,30.0,83.0
2105153,Igarapé do Meio - MA,1997,1.0,1.0
2105153,Igarapé do Meio - MA,1998,1.0,0.0
2105153,Igarapé do Meio - MA,1999,1.0,1.0
2105153,Igarapé do Meio - MA,2000,1.0,0.0
2105153,Igarapé do Meio - MA,2001,1.0,1.0
2105153,Igarapé do Meio - MA,2002,1.0,1.0
2105153,Igarapé do Meio - MA,2013,10.0,13.0
2105153,Igarapé do Meio - MA,2014,10.0,13.0
2105153,Igarapé do Meio - MA,2015,12.0,16.0
2105153,Igarapé do Meio - MA,2016,13.0,19.0
2105153,Igarapé do Meio - MA,2017,15.0,29.0
2105153,Igarapé do Meio - MA,2018,16.0,34.0
2105153,Igarapé do Meio - MA,2019,17.0,41.0
2105153,Igarapé do Meio - MA,2020,17.0,46.0
2105153,Igarapé do Meio - MA,2021,17.0,51.0
2105153,Igarapé do Meio - MA,2022,15.0,55.0
2105153,Igarapé do Meio - MA,2023,17.0,99.0
2105153,Igarapé do Meio - MA,2024,18.0,126.0
2105302,Imperatriz - MA,2008,59.0,44.0
2105302,Imperatriz - MA,2009,59.0,45.0
2105302,Imperatriz - MA,2010,54.0,36.0
2105302,Imperatriz - MA,2011,155.0,133.0
2105302,Imperatriz - MA,2012,147.0,170.0
2105302,Imperatriz - MA,2013,156.0,140.0
2105302,Imperatriz - MA,2014,157.0,142.0
2105302,Imperatriz - MA,2015,205.0,221.0
2105302,Imperatriz - MA,2016,401.0,417.0
2105302,Imperatriz - MA,2017,160.0,253.0
2105302,Imperatriz - MA,2018,191.0,244.0
2105302,Imperatriz - MA,2019,173.0,230.0
2105302,Imperatriz - MA,2020,160.0,219.0
2105302,Imperatriz - MA,2021,145.0,205.0
2105302,Imperatriz - MA,2022,176.0,300.0
2105302,Imperatriz - MA,2023,159.0,350.0
2105302,Imperatriz - MA,2024,127.0,331.0
2105401,Itapecuru Mirim - MA,1997,22.0,8.0
2105401,Itapecuru Mirim - MA,1998,22.0,9.0
2105401,Itapecuru Mirim - MA,1999,23.0,9.0
2105401,Itapecuru Mirim - MA,2000,23.0,9.0
2105401,Itapecuru Mirim - MA,2001,23.0,12.0
2105401,Itapecuru Mirim - MA,2002,24.0,17.0
2105401,Itapecuru Mirim - MA,2003,26.0,23.0
2105401,Itapecuru Mirim - MA,2004,26.0,29.0
2105401,Itapecuru Mirim - MA,2005,27.0,29.0
2105401,Itapecuru Mirim - MA,2006,28.0,37.0
2105401,Itapecuru Mirim - MA,2007,30.0,48.0
2105401,Itapecuru Mirim - MA,2008,31.0,56.0
2105401,Itapecuru Mirim - MA,2009,32.0,58.0
2105401,Itapecuru Mirim - MA,2010,33.0,65.0
2105401,Itapecuru Mirim - MA,2011,33.0,76.0
2105401,Itapecuru Mirim - MA,2012,33.0,70.0
2105401,Itapecuru Mirim - MA,2013,34.0,73.0
2105401,Itapecuru Mirim - MA,2014,34.0,74.0
2105401,Itapecuru Mirim - MA,2015,34.0,78.0
2105401,Itapecuru Mirim - MA,2016,34.0,76.0
2105401,Itapecuru Mirim - MA,2017,29.0,67.0
2105401,Itapecuru Mirim - MA,2018,29.0,70.0
2105401,Itapecuru Mirim - MA,2019,29.0,71.0
2105401,Itapecuru Mirim - MA,2020,29.0,73.0
2105401,Itapecuru Mirim - MA,2021,30.0,76.0
2105401,Itapecuru Mirim - MA,2022,30.0,78.0
2105401,Itapecuru Mirim - MA,2023,30.0,81.0
2105401,Itapecuru Mirim - MA,2024,30.0,84.0
2105427,Itinga do Maranhão - MA,2019,8.0,13.0
2105427,Itinga do Maranhão - MA,2020,8.0,14.0
2105427,Itinga do Maranhão - MA,2021,8.0,16.0
2105427,Itinga do Maranhão - MA,2022,9.0,18.0
2105427,Itinga do Maranhão - MA,2023,8.0,16.0
2105427,Itinga do Maranhão - MA,2024,8.0,18.0
2105658,Junco do Maranhão - MA,1997,109.0,55.0
2105658,Junco do Maranhão - MA,1998,111.0,50.0
2105658,Junco do Maranhão - MA,1999,113.0,45.0
2105658,Junco do Maranhão - MA,2000,107.0,38.0
2105658,Junco do Maranhão - MA,2001,108.0,43.0
2105658,Junco do Maranhão - MA,2002,119.0,54.0
2105658,Junco do Maranhão - MA,2003,125.0,68.0
2105658,Junco do Maranhão - MA,2004,156.0,102.0
2105658,Junco do Maranhão - MA,2005,161.0,89.0
2105658,Junco do Maranhão - MA,2006,166.0,108.0
2105658,Junco do Maranhão - MA,2007,191.0,130.0
2105658,Junco do Maranhão - MA,2008,191.0,143.0
2105658,Junco do Maranhão - MA,2009,194.0,194.0
2105658,Junco do Maranhão - MA,2010,252.0,189.0
2105658,Junco do Maranhão - MA,2011,279.0,251.0
2105658,Junco do Maranhão - MA,2012,285.0,285.0
2105658,Junco do Maranhão - MA,2013,291.0,350.0
2105658,Junco do Maranhão - MA,2014,323.0,420.0
2105658,Junco do Maranhão - MA,2015,262.0,382.0
2105658,Junco do Maranhão - MA,2016,215.0,268.0
2105658,Junco do Maranhão - MA,2017,255.0,383.0
2105658,Junco do Maranhão - MA,2018,286.0,486.0
2105658,Junco do Maranhão - MA,2019,263.0,487.0
2105658,Junco do Maranhão - MA,2020,270.0,486.0
2105658,Junco do Maranhão - MA,2021,290.0,581.0
2105658,Junco do Maranhão - MA,2022,308.0,677.0
2105658,Junco do Maranhão - MA,2023,286.0,714.0
2105658,Junco do Maranhão - MA,2024,275.0,743.0
2106201,Luís Domingues - MA,1995,7.0,3.0
2106201,Luís Domingues - MA,1996,939.0,470.0
2106201,Luís Domingues - MA,1997,517.0,233.0
2106201,Luís Domingues - MA,1998,527.0,227.0
2106201,Luís Domingues - MA,1999,535.0,214.0
2106201,Luís Domingues - MA,2000,642.0,173.0
2106201,Luís Domingues - MA,2001,636.0,178.0
2106201,Luís Domingues - MA,2002,649.0,324.0
2106201,Luís Domingues - MA,2003,746.0,388.0
2106201,Luís Domingues - MA,2004,895.0,537.0
2106201,Luís Domingues - MA,2005,2400.0,1368.0
2106201,Luís Domingues - MA,2006,2352.0,1341.0
2106201,Luís Domingues - MA,2007,2399.0,1559.0
2106201,Luís Domingues - MA,2008,2039.0,1529.0
2106201,Luís Domingues - MA,2009,1835.0,2111.0
2106201,Luís Domingues - MA,2010,1817.0,1454.0
2106201,Luís Domingues - MA,2011,1990.0,1890.0
2106201,Luís Domingues - MA,2012,2051.0,2051.0
2106201,Luís Domingues - MA,2013,2067.0,2481.0
2106201,Luís Domingues - MA,2014,2257.0,3047.0
2106201,Luís Domingues - MA,2015,1584.0,2312.0
2106201,Luís Domingues - MA,2016,1790.0,2505.0
2106201,Luís Domingues - MA,2017,1865.0,2891.0
2106201,Luís Domingues - MA,2018,1689.0,2803.0
2106201,Luís Domingues - MA,2019,1520.0,2857.0
2106201,Luís Domingues - MA,2020,1536.0,2842.0
2106201,Luís Domingues - MA,2021,1522.0,3547.0
2106201,Luís Domingues - MA,2022,1664.0,3927.0
2106201,Luís Domingues - MA,2023,1786.0,4553.0
2106201,Luís Domingues - MA,2024,1688.0,4643.0
2106326,Maracaçumé - MA,1997,77.0,42.0
2106326,Maracaçumé - MA,1998,78.0,38.0
2106326,Maracaçumé - MA,1999,80.0,32.0
2106326,Maracaçumé - MA,2000,82.0,30.0
2106326,Maracaçumé - MA,2001,82.0,36.0
2106326,Maracaçumé - MA,2002,87.0,35.0
2106326,Maracaçumé - MA,2003,96.0,56.0
2106326,Maracaçumé - MA,2004,106.0,69.0
2106326,Maracaçumé - MA,2005,109.0,65.0
2106326,Maracaçumé - MA,2006,104.0,68.0
2106326,Maracaçumé - MA,2007,131.0,91.0
2106326,Maracaçumé - MA,2008,158.0,119.0
2106326,Maracaçumé - MA,2009,161.0,176.0
2106326,Maracaçumé - MA,2010,298.0,254.0
2106326,Maracaçumé - MA,2011,328.0,328.0
2106326,Maracaçumé - MA,2012,332.0,365.0
2106326,Maracaçumé - MA,2013,347.0,433.0
2106326,Maracaçumé - MA,2014,378.0,533.0
2106326,Maracaçumé - MA,2015,359.0,524.0
2106326,Maracaçumé - MA,2016,407.0,569.0
2106326,Maracaçumé - MA,2017,426.0,639.0
2106326,Maracaçumé - MA,2018,430.0,602.0
2106326,Maracaçumé - MA,2019,456.0,762.0
2106326,Maracaçumé - MA,2020,491.0,874.0
2106326,Maracaçumé - MA,2021,519.0,1037.0
2106326,Maracaçumé - MA,2022,560.0,1205.0
2106326,Maracaçumé - MA,2023,496.0,1240.0
2106326,Maracaçumé - MA,2024,464.0,1229.0
2106375,Maranhãozinho - MA,1997,9.0,5.0
2106375,Maranhãozinho - MA,1998,9.0,4.0
2106375,Maranhãozinho - MA,1999,9.0,4.0
2106375,Maranhãozinho - MA,2000,17.0,3.0
2106375,Maranhãozinho - MA,2001,18.0,7.0
2106375,Maranhãozinho - MA,2002,19.0,10.0
2106375,Maranhãozinho - MA,2003,19.0,12.0
2106375,Maranhãozinho - MA,2004,20.0,13.0
2106375,Maranhãozinho - MA,2005,21.0,13.0
2106375,Maranhãozinho - MA,2006,20.0,15.0
2106375,Maranhãozinho - MA,2007,305.0,198.0
2106375,Maranhãozinho - MA,2008,46.0,37.0
2106375,Maranhãozinho - MA,2009,47.0,46.0
2106375,Maranhãozinho - MA,2010,362.0,271.0
2106375,Maranhãozinho - MA,2011,402.0,361.0
2106375,Maranhãozinho - MA,2012,417.0,408.0
2106375,Maranhãozinho - MA,2013,434.0,521.0
2106375,Maranhãozinho - MA,2014,455.0,642.0
2106375,Maranhãozinho - MA,2015,501.0,751.0
2106375,Maranhãozinho - MA,2016,626.0,876.0
2106375,Maranhãozinho - MA,2017,679.0,1019.0
2106375,Maranhãozinho - MA,2018,915.0,1098.0
2106375,Maranhãozinho - MA,2019,901.0,1288.0
2106375,Maranhãozinho - MA,2020,740.0,1259.0
2106375,Maranhãozinho - MA,2021,766.0,1532.0
2106375,Maranhãozinho - MA,2022,827.0,1778.0
2106375,Maranhãozinho - MA,2023,751.0,1839.0
2106375,Maranhãozinho - MA,2024,630.0,1733.0
2106409,Mata Roma - MA,1996,1.0,0.0
2106508,Matinha - MA,1996,2.0,1.0
2106508,Matinha - MA,1997,1.0,0.0
2106508,Matinha - MA,1998,1.0,0.0
2106508,Matinha - MA,1999,1.0,0.0
2106508,Matinha - MA,2000,1.0,0.0
2106508,Matinha - MA,2001,1.0,0.0
2106508,Matinha - MA,2002,1.0,0.0
2106508,Matinha - MA,2003,1.0,0.0
2106508,Matinha - MA,2004,1.0,0.0
2106508,Matinha - MA,2005,1.0,0.0
2106508,Matinha - MA,2006,1.0,0.0
2106508,Matinha - MA,2007,1.0,1.0
2106508,Matinha - MA,2008,1.0,1.0
2106508,Matinha - MA,2009,1.0,1.0
2106508,Matinha - MA,2010,1.0,1.0
2106508,Matinha - MA,2011,1.0,1.0
2106508,Matinha - MA,2012,1.0,2.0
2106508,Matinha - MA,2013,1.0,2.0
2106508,Matinha - MA,2014,1.0,2.0
2106508,Matinha - MA,2015,1.0,2.0
2106508,Matinha - MA,2016,10.0,17.0
2106508,Matinha - MA,2017,26.0,51.0
2106508,Matinha - MA,2018,26.0,55.0
2106508,Matinha - MA,2019,26.0,54.0
2106508,Matinha - MA,2020,27.0,57.0
2106508,Matinha - MA,2021,28.0,62.0
2106508,Matinha - MA,2022,29.0,70.0
2106508,Matinha - MA,2023,30.0,86.0
2106508,Matinha - MA,2024,31.0,92.0
2106805,Mirinzal - MA,1997,50.0,13.0
2106805,Mirinzal - MA,1998,60.0,18.0
2106805,Mirinzal - MA,1999,60.0,18.0
2106805,Mirinzal - MA,2000,61.0,21.0
2106805,Mirinzal - MA,2008,11.0,11.0
2106805,Mirinzal - MA,2009,11.0,13.0
2106805,Mirinzal - MA,2010,12.0,18.0
2106805,Mirinzal - MA,2011,12.0,19.0
2106805,Mirinzal - MA,2012,12.0,22.0
2106805,Mirinzal - MA,2013,13.0,20.0
2106805,Mirinzal - MA,2014,13.0,21.0
2106805,Mirinzal - MA,2015,13.0,25.0
2106805,Mirinzal - MA,2016,13.0,27.0
2106805,Mirinzal - MA,2017,14.0,26.0
2106805,Mirinzal - MA,2018,14.0,30.0
2106805,Mirinzal - MA,2019,14.0,29.0
2106805,Mirinzal - MA,2020,15.0,31.0
2106805,Mirinzal - MA,2021,16.0,36.0
2106805,Mirinzal - MA,2022,16.0,38.0
2106805,Mirinzal - MA,2023,16.0,40.0
2106805,Mirinzal - MA,2024,17.0,53.0
2107001,Montes Altos - MA,2004,0.0,0.0
2107001,Montes Altos - MA,2005,0.0,0.0
2107001,Montes Altos - MA,2006,1.0,1.0
2107001,Montes Altos - MA,2007,2.0,1.0
2107001,Montes Altos - MA,2008,1.0,1.0
2107001,Montes Altos - MA,2009,0.0,0.0
2107001,Montes Altos - MA,2010,2.0,2.0
2107001,Montes Altos - MA,2011,2.0,3.0
2107001,Montes Altos - MA,2012,2.0,3.0
2107001,Montes Altos - MA,2013,2.0,2.0
2107001,Montes Altos - MA,2014,1.0,3.0
2106904,Monção - MA,2004,8.0,4.0
2106904,Monção - MA,2005,8.0,4.0
2106904,Monção - MA,2006,8.0,4.0
2106904,Monção - MA,2007,7.0,5.0
2106904,Monção - MA,2008,8.0,7.0
2106904,Monção - MA,2013,10.0,14.0
2106904,Monção - MA,2014,11.0,15.0
2106904,Monção - MA,2015,13.0,21.0
2106904,Monção - MA,2016,15.0,26.0
2106904,Monção - MA,2017,17.0,35.0
2106904,Monção - MA,2018,18.0,40.0
2106904,Monção - MA,2019,19.0,45.0
2106904,Monção - MA,2020,20.0,54.0
2106904,Monção - MA,2021,18.0,57.0
2106904,Monção - MA,2022,20.0,71.0
2106904,Monção - MA,2023,23.0,146.0
2106904,Monção - MA,2024,20.0,145.0
2107100,Morros - MA,1995,127.0,57.0
2107100,Morros - MA,1996,16.0,8.0
2107100,Morros - MA,1997,8.0,4.0
2107100,Morros - MA,1998,8.0,4.0
2107100,Morros - MA,1999,8.0,4.0
2107100,Morros - MA,2000,8.0,4.0
2107100,Morros - MA,2001,8.0,4.0
2107100,Morros - MA,2002,9.0,4.0
2107100,Morros - MA,2003,9.0,5.0
2107100,Morros - MA,2004,8.0,4.0
2107100,Morros - MA,2005,13.0,6.0
2107100,Morros - MA,2006,16.0,9.0
2107100,Morros - MA,2007,15.0,7.0
2107100,Morros - MA,2008,13.0,12.0
2107100,Morros - MA,2009,13.0,12.0
2107100,Morros - MA,2010,15.0,21.0
2107100,Morros - MA,2011,17.0,27.0
2107100,Morros - MA,2012,18.0,33.0
2107100,Morros - MA,2013,19.0,49.0
2107100,Morros - MA,2014,20.0,41.0
2107100,Morros - MA,2015,21.0,39.0
2107100,Morros - MA,2016,21.0,42.0
2107100,Morros - MA,2017,33.0,76.0
2107100,Morros - MA,2018,34.0,68.0
2107100,Morros - MA,2019,35.0,74.0
2107100,Morros - MA,2020,38.0,84.0
2107100,Morros - MA,2021,44.0,101.0
2107100,Morros - MA,2022,48.0,113.0
2107100,Morros - MA,2023,53.0,126.0
2107100,Morros - MA,2024,49.0,129.0
2107357,Nova Olinda do Maranhão - MA,1997,107.0,59.0
2107357,Nova Olinda do Maranhão - MA,1998,109.0,52.0
2107357,Nova Olinda do Maranhão - MA,1999,110.0,49.0
2107357,Nova Olinda do Maranhão - MA,2000,77.0,22.0
2107357,Nova Olinda do Maranhão - MA,2001,80.0,29.0
2107357,Nova Olinda do Maranhão - MA,2002,85.0,34.0
2107357,Nova Olinda do Maranhão - MA,2003,93.0,61.0
2107357,Nova Olinda do Maranhão - MA,2004,98.0,59.0
2107357,Nova Olinda do Maranhão - MA,2005,105.0,63.0
2107357,Nova Olinda do Maranhão - MA,2006,111.0,66.0
2107357,Nova Olinda do Maranhão - MA,2007,116.0,116.0
2107357,Nova Olinda do Maranhão - MA,2008,174.0,157.0
2107357,Nova Olinda do Maranhão - MA,2009,171.0,171.0
2107357,Nova Olinda do Maranhão - MA,2010,517.0,414.0
2107357,Nova Olinda do Maranhão - MA,2011,572.0,543.0
2107357,Nova Olinda do Maranhão - MA,2012,620.0,682.0
2107357,Nova Olinda do Maranhão - MA,2013,651.0,847.0
2107357,Nova Olinda do Maranhão - MA,2014,683.0,970.0
2107357,Nova Olinda do Maranhão - MA,2015,2203.0,3195.0
2107357,Nova Olinda do Maranhão - MA,2016,2404.0,3317.0
2107357,Nova Olinda do Maranhão - MA,2017,2487.0,3855.0
2107357,Nova Olinda do Maranhão - MA,2018,2398.0,4076.0
2107357,Nova Olinda do Maranhão - MA,2019,2415.0,4829.0
2107357,Nova Olinda do Maranhão - MA,2020,2399.0,5637.0
2107357,Nova Olinda do Maranhão - MA,2021,2279.0,6836.0
2107357,Nova Olinda do Maranhão - MA,2022,2182.0,7659.0
2107357,Nova Olinda do Maranhão - MA,2023,2054.0,8628.0
2107357,Nova Olinda do Maranhão - MA,2024,1849.0,9244.0
2107456,Olinda Nova do Maranhão - MA,1997,7.0,2.0
2107456,Olinda Nova do Maranhão - MA,1998,7.0,2.0
2107456,Olinda Nova do Maranhão - MA,1999,7.0,2.0
2107456,Olinda Nova do Maranhão - MA,2000,7.0,2.0
2107456,Olinda Nova do Maranhão - MA,2001,7.0,2.0
2107456,Olinda Nova do Maranhão - MA,2002,7.0,2.0
2107456,Olinda Nova do Maranhão - MA,2003,7.0,2.0
2107456,Olinda Nova do Maranhão - MA,2004,7.0,2.0
2107456,Olinda Nova do Maranhão - MA,2005,7.0,2.0
2107456,Olinda Nova do Maranhão - MA,2006,7.0,2.0
2107456,Olinda Nova do Maranhão - MA,2007,7.0,4.0
2107456,Olinda Nova do Maranhão - MA,2008,7.0,6.0
2107456,Olinda Nova do Maranhão - MA,2009,7.0,6.0
2107456,Olinda Nova do Maranhão - MA,2010,7.0,7.0
2107456,Olinda Nova do Maranhão - MA,2011,7.0,8.0
2107456,Olinda Nova do Maranhão - MA,2012,7.0,10.0
2107456,Olinda Nova do Maranhão - MA,2013,7.0,12.0
2107456,Olinda Nova do Maranhão - MA,2014,7.0,11.0
2107456,Olinda Nova do Maranhão - MA,2015,6.0,11.0
2107456,Olinda Nova do Maranhão - MA,2016,8.0,15.0
2107456,Olinda Nova do Maranhão - MA,2017,8.0,17.0
2107456,Olinda Nova do Maranhão - MA,2018,9.0,18.0
2107456,Olinda Nova do Maranhão - MA,2019,8.0,16.0
2107456,Olinda Nova do Maranhão - MA,2020,9.0,19.0
2107456,Olinda Nova do Maranhão - MA,2021,9.0,18.0
2107456,Olinda Nova do Maranhão - MA,2022,8.0,19.0
2107456,Olinda Nova do Maranhão - MA,2023,8.0,22.0
2107456,Olinda Nova do Maranhão - MA,2024,8.0,25.0
2107605,Palmeirândia - MA,1996,3.0,1.0
2107605,Palmeirândia - MA,1997,3.0,1.0
2107605,Palmeirândia - MA,1998,3.0,1.0
2107605,Palmeirândia - MA,1999,3.0,1.0
2107605,Palmeirândia - MA,2000,3.0,1.0
2107605,Palmeirândia - MA,2001,3.0,1.0
2107605,Palmeirândia - MA,2002,3.0,1.0
2107605,Palmeirândia - MA,2003,3.0,1.0
2107605,Palmeirândia - MA,2004,3.0,3.0
2107605,Palmeirândia - MA,2005,3.0,2.0
2107605,Palmeirândia - MA,2006,3.0,2.0
2107605,Palmeirândia - MA,2007,3.0,2.0
2107605,Palmeirândia - MA,2008,3.0,3.0
2107605,Palmeirândia - MA,2009,3.0,3.0
2107605,Palmeirândia - MA,2010,3.0,4.0
2107605,Palmeirândia - MA,2011,3.0,7.0
2107605,Palmeirândia - MA,2012,4.0,6.0
2107605,Palmeirândia - MA,2013,4.0,6.0
2107605,Palmeirândia - MA,2014,4.0,6.0
2107605,Palmeirândia - MA,2015,4.0,7.0
2107605,Palmeirândia - MA,2016,4.0,7.0
2107605,Palmeirândia - MA,2017,4.0,7.0
2107605,Palmeirândia - MA,2018,4.0,7.0
2107605,Palmeirândia - MA,2019,4.0,7.0
2107605,Palmeirândia - MA,2020,4.0,7.0
2107605,Palmeirândia - MA,2021,4.0,9.0
2107605,Palmeirândia - MA,2022,4.0,10.0
2107605,Palmeirândia - MA,2023,4.0,11.0
2107605,Palmeirândia - MA,2024,4.0,12.0
2107506,Paço do Lumiar - MA,1995,460.0,161.0
2107506,Paço do Lumiar - MA,1996,36.0,13.0
2107506,Paço do Lumiar - MA,1997,37.0,17.0
2107506,Paço do Lumiar - MA,1998,37.0,17.0
2107506,Paço do Lumiar - MA,1999,38.0,19.0
2107506,Paço do Lumiar - MA,2000,39.0,21.0
2107506,Paço do Lumiar - MA,2001,39.0,20.0
2107506,Paço do Lumiar - MA,2002,38.0,23.0
2107506,Paço do Lumiar - MA,2003,30.0,18.0
2107506,Paço do Lumiar - MA,2004,25.0,19.0
2107506,Paço do Lumiar - MA,2005,27.0,16.0
2107506,Paço do Lumiar - MA,2006,29.0,35.0
2107506,Paço do Lumiar - MA,2007,31.0,22.0
2107506,Paço do Lumiar - MA,2008,29.0,26.0
2107506,Paço do Lumiar - MA,2009,31.0,28.0
2107506,Paço do Lumiar - MA,2010,27.0,21.0
2107506,Paço do Lumiar - MA,2011,21.0,17.0
2107506,Paço do Lumiar - MA,2012,20.0,18.0
2107506,Paço do Lumiar - MA,2013,17.0,17.0
2107506,Paço do Lumiar - MA,2014,17.0,22.0
2107506,Paço do Lumiar - MA,2015,17.0,24.0
2107506,Paço do Lumiar - MA,2016,17.0,25.0
2107506,Paço do Lumiar - MA,2017,16.0,25.0
2107506,Paço do Lumiar - MA,2018,17.0,26.0
2107506,Paço do Lumiar - MA,2019,17.0,27.0
2107506,Paço do Lumiar - MA,2020,17.0,30.0
2107506,Paço do Lumiar - MA,2021,18.0,33.0
2107506,Paço do Lumiar - MA,2022,17.0,32.0
2107506,Paço do Lumiar - MA,2023,15.0,33.0
2107506,Paço do Lumiar - MA,2024,15.0,44.0
2108256,Pedro do Rosário - MA,1997,104.0,31.0
2108256,Pedro do Rosário - MA,1998,104.0,31.0
2108256,Pedro do Rosário - MA,1999,104.0,31.0
2108256,Pedro do Rosário - MA,2000,104.0,31.0
2108256,Pedro do Rosário - MA,2001,107.0,21.0
2108256,Pedro do Rosário - MA,2002,109.0,39.0
2108256,Pedro do Rosário - MA,2003,110.0,61.0
2108256,Pedro do Rosário - MA,2004,115.0,76.0
2108256,Pedro do Rosário - MA,2005,115.0,63.0
2108256,Pedro do Rosário - MA,2006,115.0,80.0
2108256,Pedro do Rosário - MA,2007,115.0,75.0
2108256,Pedro do Rosário - MA,2008,122.0,98.0
2108256,Pedro do Rosário - MA,2009,124.0,112.0
2108256,Pedro do Rosário - MA,2010,128.0,128.0
2108256,Pedro do Rosário - MA,2011,126.0,138.0
2108256,Pedro do Rosário - MA,2012,116.0,173.0
2108256,Pedro do Rosário - MA,2013,112.0,191.0
2108256,Pedro do Rosário - MA,2014,114.0,178.0
2108256,Pedro do Rosário - MA,2015,107.0,188.0
2108256,Pedro do Rosário - MA,2016,114.0,216.0
2108256,Pedro do Rosário - MA,2017,106.0,211.0
2108256,Pedro do Rosário - MA,2018,107.0,268.0
2108256,Pedro do Rosário - MA,2019,107.0,246.0
2108256,Pedro do Rosário - MA,2020,108.0,258.0
2108256,Pedro do Rosário - MA,2021,110.0,276.0
2108256,Pedro do Rosário - MA,2022,112.0,292.0
2108256,Pedro do Rosário - MA,2023,115.0,356.0
2108256,Pedro do Rosário - MA,2024,118.0,402.0
2108306,Penalva - MA,1996,23.0,7.0
2108306,Penalva - MA,1997,22.0,7.0
2108306,Penalva - MA,1998,22.0,7.0
2108306,Penalva - MA,1999,22.0,7.0
2108306,Penalva - MA,2000,22.0,6.0
2108306,Penalva - MA,2001,22.0,7.0
2108306,Penalva - MA,2002,22.0,7.0
2108306,Penalva - MA,2003,2.0,1.0
2108306,Penalva - MA,2004,2.0,1.0
2108306,Penalva - MA,2005,2.0,1.0
2108306,Penalva - MA,2006,2.0,1.0
2108306,Penalva - MA,2007,2.0,1.0
2108306,Penalva - MA,2008,2.0,2.0
2108306,Penalva - MA,2009,2.0,2.0
2108306,Penalva - MA,2010,2.0,2.0
2108306,Penalva - MA,2011,2.0,2.0
2108306,Penalva - MA,2012,2.0,3.0
2108306,Penalva - MA,2013,2.0,4.0
2108306,Penalva - MA,2014,2.0,3.0
2108306,Penalva - MA,2015,2.0,3.0
2108306,Penalva - MA,2016,125.0,225.0
2108306,Penalva - MA,2017,163.0,358.0
2108306,Penalva - MA,2018,165.0,347.0
2108306,Penalva - MA,2019,168.0,337.0
2108306,Penalva - MA,2020,170.0,357.0
2108306,Penalva - MA,2021,173.0,373.0
2108306,Penalva - MA,2022,175.0,403.0
2108306,Penalva - MA,2023,182.0,492.0
2108306,Penalva - MA,2024,186.0,557.0
2108405,Peri Mirim - MA,1996,8.0,2.0
2108405,Peri Mirim - MA,1997,7.0,2.0
2108405,Peri Mirim - MA,1998,7.0,2.0
2108405,Peri Mirim - MA,1999,7.0,2.0
2108405,Peri Mirim - MA,2000,7.0,3.0
2108405,Peri Mirim - MA,2001,7.0,2.0
2108405,Peri Mirim - MA,2002,7.0,4.0
2108405,Peri Mirim - MA,2003,8.0,3.0
2108405,Peri Mirim - MA,2004,8.0,7.0
2108405,Peri Mirim - MA,2005,8.0,4.0
2108405,Peri Mirim - MA,2006,8.0,5.0
2108405,Peri Mirim - MA,2007,8.0,6.0
2108405,Peri Mirim - MA,2008,8.0,5.0
2108405,Peri Mirim - MA,2009,8.0,8.0
2108405,Peri Mirim - MA,2010,8.0,8.0
2108405,Peri Mirim - MA,2011,8.0,20.0
2108405,Peri Mirim - MA,2012,8.0,15.0
2108405,Peri Mirim - MA,2013,8.0,16.0
2108405,Peri Mirim - MA,2014,9.0,16.0
2108405,Peri Mirim - MA,2015,9.0,16.0
2108405,Peri Mirim - MA,2016,9.0,15.0
2108405,Peri Mirim - MA,2017,9.0,16.0
2108405,Peri Mirim - MA,2018,9.0,16.0
2108405,Peri Mirim - MA,2019,9.0,15.0
2108405,Peri Mirim - MA,2020,9.0,16.0
2108405,Peri Mirim - MA,2021,9.0,20.0
2108405,Peri Mirim - MA,2022,9.0,22.0
2108405,Peri Mirim - MA,2023,9.0,25.0
2108405,Peri Mirim - MA,2024,9.0,27.0
2108504,Pindaré-Mirim - MA,2014,9.0,13.0
2108504,Pindaré-Mirim - MA,2015,9.0,14.0
2108504,Pindaré-Mirim - MA,2016,10.0,17.0
2108504,Pindaré-Mirim - MA,2017,12.0,23.0
2108504,Pindaré-Mirim - MA,2018,12.0,32.0
2108504,Pindaré-Mirim - MA,2019,12.0,32.0
2108504,Pindaré-Mirim - MA,2020,13.0,37.0
2108504,Pindaré-Mirim - MA,2021,11.0,37.0
2108504,Pindaré-Mirim - MA,2022,11.0,40.0
2108504,Pindaré-Mirim - MA,2023,11.0,74.0
2108504,Pindaré-Mirim - MA,2024,12.0,90.0
2108603,Pinheiro - MA,1995,104.0,41.0
2108603,Pinheiro - MA,1996,356.0,160.0
2108603,Pinheiro - MA,1997,63.0,28.0
2108603,Pinheiro - MA,1998,63.0,22.0
2108603,Pinheiro - MA,1999,63.0,19.0
2108603,Pinheiro - MA,2000,63.0,19.0
2108603,Pinheiro - MA,2001,65.0,16.0
2108603,Pinheiro - MA,2002,63.0,32.0
2108603,Pinheiro - MA,2003,64.0,35.0
2108603,Pinheiro - MA,2004,65.0,42.0
2108603,Pinheiro - MA,2005,63.0,32.0
2108603,Pinheiro - MA,2006,63.0,41.0
2108603,Pinheiro - MA,2007,63.0,50.0
2108603,Pinheiro - MA,2008,64.0,77.0
2108603,Pinheiro - MA,2009,65.0,84.0
2108603,Pinheiro - MA,2010,68.0,99.0
2108603,Pinheiro - MA,2011,70.0,175.0
2108603,Pinheiro - MA,2012,71.0,128.0
2108603,Pinheiro - MA,2013,75.0,127.0
2108603,Pinheiro - MA,2014,84.0,167.0
2108603,Pinheiro - MA,2015,85.0,164.0
2108603,Pinheiro - MA,2016,88.0,176.0
2108603,Pinheiro - MA,2017,89.0,187.0
2108603,Pinheiro - MA,2018,91.0,209.0
2108603,Pinheiro - MA,2019,92.0,201.0
2108603,Pinheiro - MA,2020,93.0,233.0
2108603,Pinheiro - MA,2021,94.0,250.0
2108603,Pinheiro - MA,2022,95.0,258.0
2108603,Pinheiro - MA,2023,97.0,276.0
2108603,Pinheiro - MA,2024,94.0,291.0
2109056,Porto Rico do Maranhão - MA,1997,50.0,13.0
2109056,Porto Rico do Maranhão - MA,1998,50.0,15.0
2109056,Porto Rico do Maranhão - MA,1999,50.0,15.0
2109056,Porto Rico do Maranhão - MA,2000,51.0,15.0
2109056,Porto Rico do Maranhão - MA,2001,52.0,13.0
2109056,Porto Rico do Maranhão - MA,2002,53.0,19.0
2109056,Porto Rico do Maranhão - MA,2003,54.0,27.0
2109056,Porto Rico do Maranhão - MA,2004,55.0,30.0
2109056,Porto Rico do Maranhão - MA,2005,56.0,34.0
2109056,Porto Rico do Maranhão - MA,2006,57.0,43.0
2109056,Porto Rico do Maranhão - MA,2007,58.0,55.0
2109056,Porto Rico do Maranhão - MA,2008,60.0,96.0
2109056,Porto Rico do Maranhão - MA,2009,61.0,73.0
2109056,Porto Rico do Maranhão - MA,2010,61.0,92.0
2109056,Porto Rico do Maranhão - MA,2011,63.0,107.0
2109056,Porto Rico do Maranhão - MA,2012,64.0,115.0
2109056,Porto Rico do Maranhão - MA,2013,65.0,104.0
2109056,Porto Rico do Maranhão - MA,2014,67.0,110.0
2109056,Porto Rico do Maranhão - MA,2015,68.0,121.0
2109056,Porto Rico do Maranhão - MA,2016,71.0,143.0
2109056,Porto Rico do Maranhão - MA,2017,73.0,138.0
2109056,Porto Rico do Maranhão - MA,2018,73.0,165.0
2109056,Porto Rico do Maranhão - MA,2019,74.0,160.0
2109056,Porto Rico do Maranhão - MA,2020,72.0,158.0
2109056,Porto Rico do Maranhão - MA,2021,73.0,168.0
2109056,Porto Rico do Maranhão - MA,2022,74.0,177.0
2109056,Porto Rico do Maranhão - MA,2023,75.0,188.0
2109056,Porto Rico do Maranhão - MA,2024,75.0,234.0
2109205,Presidente Juscelino - MA,1995,114.0,45.0
2109205,Presidente Juscelino - MA,1996,2.0,1.0
2109205,Presidente Juscelino - MA,1997,2.0,1.0
2109205,Presidente Juscelino - MA,1998,2.0,1.0
2109205,Presidente Juscelino - MA,1999,2.0,1.0
2109205,Presidente Juscelino - MA,2000,2.0,1.0
2109205,Presidente Juscelino - MA,2001,2.0,1.0
2109205,Presidente Juscelino - MA,2002,2.0,1.0
2109205,Presidente Juscelino - MA,2003,3.0,1.0
2109205,Presidente Juscelino - MA,2004,4.0,2.0
2109205,Presidente Juscelino - MA,2005,4.0,2.0
2109205,Presidente Juscelino - MA,2006,6.0,3.0
2109205,Presidente Juscelino - MA,2007,6.0,3.0
2109205,Presidente Juscelino - MA,2008,6.0,5.0
2109205,Presidente Juscelino - MA,2009,8.0,8.0
2109205,Presidente Juscelino - MA,2010,9.0,14.0
2109205,Presidente Juscelino - MA,2011,11.0,18.0
2109205,Presidente Juscelino - MA,2012,12.0,21.0
2109205,Presidente Juscelino - MA,2013,13.0,31.0
2109205,Presidente Juscelino - MA,2014,13.0,28.0
2109205,Presidente Juscelino - MA,2015,15.0,29.0
2109205,Presidente Juscelino - MA,2016,15.0,34.0
2109205,Presidente Juscelino - MA,2017,16.0,38.0
2109205,Presidente Juscelino - MA,2018,17.0,38.0
2109205,Presidente Juscelino - MA,2019,17.0,39.0
2109205,Presidente Juscelino - MA,2020,18.0,40.0
2109205,Presidente Juscelino - MA,2021,19.0,46.0
2109205,Presidente Juscelino - MA,2022,21.0,51.0
2109205,Presidente Juscelino - MA,2023,23.0,57.0
2109205,Presidente Juscelino - MA,2024,20.0,54.0
2109239,Presidente Médici - MA,1997,1.0,1.0
2109239,Presidente Médici - MA,1998,1.0,1.0
2109239,Presidente Médici - MA,1999,1.0,1.0
2109239,Presidente Médici - MA,2000,6.0,2.0
2109239,Presidente Médici - MA,2001,6.0,3.0
2109239,Presidente Médici - MA,2002,6.0,3.0
2109239,Presidente Médici - MA,2003,9.0,6.0
2109239,Presidente Médici - MA,2004,10.0,7.0
2109239,Presidente Médici - MA,2005,11.0,7.0
2109239,Presidente Médici - MA,2006,11.0,8.0
2109239,Presidente Médici - MA,2007,13.0,11.0
2109239,Presidente Médici - MA,2008,13.0,11.0
2109239,Presidente Médici - MA,2009,14.0,16.0
2109239,Presidente Médici - MA,2010,104.0,78.0
2109239,Presidente Médici - MA,2011,115.0,103.0
2109239,Presidente Médici - MA,2012,117.0,117.0
2109239,Presidente Médici - MA,2013,125.0,156.0
2109239,Presidente Médici - MA,2014,131.0,184.0
2109239,Presidente Médici - MA,2015,145.0,210.0
2109239,Presidente Médici - MA,2016,181.0,266.0
2109239,Presidente Médici - MA,2017,215.0,345.0
2109239,Presidente Médici - MA,2018,221.0,409.0
2109239,Presidente Médici - MA,2019,209.0,393.0
2109239,Presidente Médici - MA,2020,215.0,388.0
2109239,Presidente Médici - MA,2021,172.0,336.0
2109239,Presidente Médici - MA,2022,182.0,373.0
2109239,Presidente Médici - MA,2023,146.0,365.0
2109239,Presidente Médici - MA,2024,126.0,339.0
2109270,Presidente Sarney - MA,1997,86.0,26.0
2109270,Presidente Sarney - MA,1998,86.0,26.0
2109270,Presidente Sarney - MA,1999,86.0,26.0
2109270,Presidente Sarney - MA,2000,86.0,26.0
2109270,Presidente Sarney - MA,2001,88.0,18.0
2109270,Presidente Sarney - MA,2002,89.0,31.0
2109270,Presidente Sarney - MA,2003,90.0,54.0
2109270,Presidente Sarney - MA,2004,91.0,46.0
2109270,Presidente Sarney - MA,2005,92.0,55.0
2109270,Presidente Sarney - MA,2006,92.0,74.0
2109270,Presidente Sarney - MA,2007,92.0,65.0
2109270,Presidente Sarney - MA,2008,97.0,116.0
2109270,Presidente Sarney - MA,2009,97.0,146.0
2109270,Presidente Sarney - MA,2010,117.0,155.0
2109270,Presidente Sarney - MA,2011,120.0,204.0
2109270,Presidente Sarney - MA,2012,122.0,195.0
2109270,Presidente Sarney - MA,2013,125.0,188.0
2109270,Presidente Sarney - MA,2014,127.0,216.0
2109270,Presidente Sarney - MA,2015,133.0,260.0
2109270,Presidente Sarney - MA,2016,136.0,259.0
2109270,Presidente Sarney - MA,2017,139.0,278.0
2109270,Presidente Sarney - MA,2018,136.0,299.0
2109270,Presidente Sarney - MA,2019,136.0,285.0
2109270,Presidente Sarney - MA,2020,139.0,305.0
2109270,Presidente Sarney - MA,2021,142.0,348.0
2109270,Presidente Sarney - MA,2022,144.0,360.0
2109270,Presidente Sarney - MA,2023,145.0,393.0
2109270,Presidente Sarney - MA,2024,151.0,469.0
2109304,Presidente Vargas - MA,1997,0.0,0.0
2109403,Primeira Cruz - MA,1996,4.0,1.0
2109403,Primeira Cruz - MA,1997,2.0,1.0
2109403,Primeira Cruz - MA,1998,2.0,1.0
2109403,Primeira Cruz - MA,1999,3.0,1.0
2109403,Primeira Cruz - MA,2000,3.0,1.0
2109403,Primeira Cruz - MA,2001,3.0,2.0
2109403,Primeira Cruz - MA,2002,3.0,2.0
2109403,Primeira Cruz - MA,2003,3.0,2.0
2109403,Primeira Cruz - MA,2004,4.0,2.0
2109403,Primeira Cruz - MA,2005,4.0,2.0
2109403,Primeira Cruz - MA,2006,4.0,2.0
2109403,Primeira Cruz - MA,2007,4.0,3.0
2109403,Primeira Cruz - MA,2008,5.0,4.0
2109403,Primeira Cruz - MA,2009,5.0,4.0
2109403,Primeira Cruz - MA,2010,5.0,5.0
2109403,Primeira Cruz - MA,2011,6.0,10.0
2109403,Primeira Cruz - MA,2012,7.0,13.0
2109403,Primeira Cruz - MA,2013,8.0,18.0
2109403,Primeira Cruz - MA,2014,8.0,17.0
2109403,Primeira Cruz - MA,2015,7.0,17.0
2109403,Primeira Cruz - MA,2016,7.0,16.0
2109403,Primeira Cruz - MA,2017,3.0,8.0
2109403,Primeira Cruz - MA,2018,3.0,7.0
2109403,Primeira Cruz - MA,2019,3.0,7.0
2109403,Primeira Cruz - MA,2020,4.0,8.0
2109403,Primeira Cruz - MA,2021,4.0,9.0
2109403,Primeira Cruz - MA,2022,4.0,10.0
2109403,Primeira Cruz - MA,2023,4.0,11.0
2109403,Primeira Cruz - MA,2024,4.0,12.0
2109601,Rosário - MA,1995,12.0,5.0
2109601,Rosário - MA,1996,25.0,13.0
2109601,Rosário - MA,1997,24.0,11.0
2109601,Rosário - MA,1998,24.0,10.0
2109601,Rosário - MA,1999,24.0,10.0
2109601,Rosário - MA,2000,25.0,11.0
2109601,Rosário - MA,2001,26.0,13.0
2109601,Rosário - MA,2002,28.0,14.0
2109601,Rosário - MA,2003,31.0,15.0
2109601,Rosário - MA,2004,33.0,17.0
2109601,Rosário - MA,2005,33.0,16.0
2109601,Rosário - MA,2006,41.0,24.0
2109601,Rosário - MA,2007,47.0,28.0
2109601,Rosário - MA,2008,47.0,42.0
2109601,Rosário - MA,2009,52.0,42.0
2109601,Rosário - MA,2010,55.0,82.0
2109601,Rosário - MA,2011,59.0,100.0
2109601,Rosário - MA,2012,63.0,120.0
2109601,Rosário - MA,2013,63.0,152.0
2109601,Rosário - MA,2014,64.0,134.0
2109601,Rosário - MA,2015,62.0,143.0
2109601,Rosário - MA,2016,59.0,148.0
2109601,Rosário - MA,2017,45.0,118.0
2109601,Rosário - MA,2018,39.0,91.0
2109601,Rosário - MA,2019,40.0,99.0
2109601,Rosário - MA,2020,41.0,97.0
2109601,Rosário - MA,2021,44.0,107.0
2109601,Rosário - MA,2022,47.0,117.0
2109601,Rosário - MA,2023,51.0,141.0
2109601,Rosário - MA,2024,48.0,138.0
2109809,Santa Helena - MA,1996,106.0,13.0
2109809,Santa Helena - MA,1997,79.0,28.0
2109809,Santa Helena - MA,1998,79.0,24.0
2109809,Santa Helena - MA,1999,79.0,24.0
2109809,Santa Helena - MA,2000,79.0,24.0
2109809,Santa Helena - MA,2001,81.0,20.0
2109809,Santa Helena - MA,2002,82.0,41.0
2109809,Santa Helena - MA,2003,83.0,41.0
2109809,Santa Helena - MA,2004,84.0,63.0
2109809,Santa Helena - MA,2005,85.0,68.0
2109809,Santa Helena - MA,2006,85.0,76.0
2109809,Santa Helena - MA,2007,85.0,77.0
2109809,Santa Helena - MA,2008,88.0,105.0
2109809,Santa Helena - MA,2009,87.0,108.0
2109809,Santa Helena - MA,2010,91.0,121.0
2109809,Santa Helena - MA,2011,94.0,140.0
2109809,Santa Helena - MA,2012,95.0,152.0
2109809,Santa Helena - MA,2013,90.0,149.0
2109809,Santa Helena - MA,2014,92.0,165.0
2109809,Santa Helena - MA,2015,95.0,181.0
2109809,Santa Helena - MA,2016,97.0,189.0
2109809,Santa Helena - MA,2017,99.0,197.0
2109809,Santa Helena - MA,2018,100.0,221.0
2109809,Santa Helena - MA,2019,102.0,214.0
2109809,Santa Helena - MA,2020,103.0,247.0
2109809,Santa Helena - MA,2021,101.0,263.0
2109809,Santa Helena - MA,2022,102.0,272.0
2109809,Santa Helena - MA,2023,105.0,293.0
2109809,Santa Helena - MA,2024,108.0,291.0
2109908,Santa Inês - MA,2013,11.0,20.0
2109908,Santa Inês - MA,2014,12.0,19.0
2109908,Santa Inês - MA,2015,13.0,23.0
2109908,Santa Inês - MA,2016,14.0,27.0
2109908,Santa Inês - MA,2017,17.0,37.0
2109908,Santa Inês - MA,2018,17.0,38.0
2109908,Santa Inês - MA,2019,18.0,47.0
2109908,Santa Inês - MA,2020,19.0,54.0
2109908,Santa Inês - MA,2021,19.0,63.0
2109908,Santa Inês - MA,2022,18.0,68.0
2109908,Santa Inês - MA,2023,19.0,122.0
2109908,Santa Inês - MA,2024,19.0,144.0
2110039,Santa Luzia do Paruá - MA,1995,7.0,3.0
2110039,Santa Luzia do Paruá - MA,1996,108.0,54.0
2110039,Santa Luzia do Paruá - MA,1997,1.0,0.0
2110039,Santa Luzia do Paruá - MA,1998,1.0,0.0
2110039,Santa Luzia do Paruá - MA,1999,1.0,0.0
2110039,Santa Luzia do Paruá - MA,2000,8.0,2.0
2110039,Santa Luzia do Paruá - MA,2001,8.0,3.0
2110039,Santa Luzia do Paruá - MA,2002,10.0,4.0
2110039,Santa Luzia do Paruá - MA,2003,15.0,10.0
2110039,Santa Luzia do Paruá - MA,2004,16.0,11.0
2110039,Santa Luzia do Paruá - MA,2005,16.0,10.0
2110039,Santa Luzia do Paruá - MA,2006,17.0,11.0
2110039,Santa Luzia do Paruá - MA,2007,20.0,19.0
2110039,Santa Luzia do Paruá - MA,2008,30.0,25.0
2110039,Santa Luzia do Paruá - MA,2009,32.0,41.0
2110039,Santa Luzia do Paruá - MA,2010,98.0,79.0
2110039,Santa Luzia do Paruá - MA,2011,108.0,103.0
2110039,Santa Luzia do Paruá - MA,2012,119.0,131.0
2110039,Santa Luzia do Paruá - MA,2013,128.0,160.0
2110039,Santa Luzia do Paruá - MA,2014,137.0,195.0
2110039,Santa Luzia do Paruá - MA,2015,132.0,192.0
2110039,Santa Luzia do Paruá - MA,2016,188.0,253.0
2110039,Santa Luzia do Paruá - MA,2017,220.0,342.0
2110039,Santa Luzia do Paruá - MA,2018,19.0,32.0
2110039,Santa Luzia do Paruá - MA,2019,22.0,41.0
2110039,Santa Luzia do Paruá - MA,2020,24.0,43.0
2110039,Santa Luzia do Paruá - MA,2021,224.0,447.0
2110039,Santa Luzia do Paruá - MA,2022,244.0,537.0
2110039,Santa Luzia do Paruá - MA,2023,251.0,627.0
2110039,Santa Luzia do Paruá - MA,2024,210.0,567.0
2110203,Santa Rita - MA,1996,2.0,1.0
2110203,Santa Rita - MA,1997,2.0,1.0
2110203,Santa Rita - MA,1998,2.0,1.0
2110203,Santa Rita - MA,1999,2.0,1.0
2110203,Santa Rita - MA,2000,2.0,1.0
2110203,Santa Rita - MA,2001,2.0,1.0
2110203,Santa Rita - MA,2002,2.0,1.0
2110203,Santa Rita - MA,2003,3.0,1.0
2110203,Santa Rita - MA,2004,4.0,2.0
2110203,Santa Rita - MA,2005,4.0,2.0
2110203,Santa Rita - MA,2006,5.0,3.0
2110203,Santa Rita - MA,2007,6.0,5.0
2110203,Santa Rita - MA,2008,7.0,6.0
2110203,Santa Rita - MA,2009,7.0,7.0
2110203,Santa Rita - MA,2010,9.0,12.0
2110203,Santa Rita - MA,2011,10.0,16.0
2110203,Santa Rita - MA,2012,10.0,18.0
2110203,Santa Rita - MA,2013,11.0,27.0
2110203,Santa Rita - MA,2014,11.0,24.0
2110203,Santa Rita - MA,2015,12.0,26.0
2110203,Santa Rita - MA,2016,13.0,28.0
2110203,Santa Rita - MA,2017,13.0,30.0
2110203,Santa Rita - MA,2018,14.0,32.0
2110203,Santa Rita - MA,2019,14.0,33.0
2110203,Santa Rita - MA,2020,14.0,33.0
2110203,Santa Rita - MA,2021,15.0,37.0
2110203,Santa Rita - MA,2022,17.0,41.0
2110203,Santa Rita - MA,2023,18.0,44.0
2110203,Santa Rita - MA,2024,19.0,52.0
2110278,Santo Amaro do Maranhão - MA,1997,2.0,1.0
2110278,Santo Amaro do Maranhão - MA,1998,2.0,1.0
2110278,Santo Amaro do Maranhão - MA,1999,2.0,1.0
2110278,Santo Amaro do Maranhão - MA,2000,2.0,1.0
2110278,Santo Amaro do Maranhão - MA,2001,2.0,1.0
2110278,Santo Amaro do Maranhão - MA,2002,3.0,2.0
2110278,Santo Amaro do Maranhão - MA,2003,3.0,2.0
2110278,Santo Amaro do Maranhão - MA,2004,3.0,2.0
2110278,Santo Amaro do Maranhão - MA,2005,4.0,2.0
2110278,Santo Amaro do Maranhão - MA,2006,4.0,2.0
2110278,Santo Amaro do Maranhão - MA,2007,3.0,2.0
2110278,Santo Amaro do Maranhão - MA,2008,2.0,2.0
2110278,Santo Amaro do Maranhão - MA,2009,2.0,2.0
2110278,Santo Amaro do Maranhão - MA,2010,3.0,3.0
2110278,Santo Amaro do Maranhão - MA,2011,3.0,4.0
2110278,Santo Amaro do Maranhão - MA,2012,3.0,5.0
2110278,Santo Amaro do Maranhão - MA,2013,4.0,8.0
2110278,Santo Amaro do Maranhão - MA,2014,4.0,9.0
2110278,Santo Amaro do Maranhão - MA,2015,4.0,10.0
2110278,Santo Amaro do Maranhão - MA,2016,4.0,9.0
2110278,Santo Amaro do Maranhão - MA,2017,3.0,9.0
2110278,Santo Amaro do Maranhão - MA,2018,3.0,9.0
2110278,Santo Amaro do Maranhão - MA,2019,4.0,10.0
2110278,Santo Amaro do Maranhão - MA,2020,4.0,10.0
2110278,Santo Amaro do Maranhão - MA,2021,5.0,11.0
2110278,Santo Amaro do Maranhão - MA,2022,5.0,13.0
2110278,Santo Amaro do Maranhão - MA,2023,6.0,15.0
2110278,Santo Amaro do Maranhão - MA,2024,6.0,16.0
2111789,Serrano do Maranhão - MA,1997,72.0,22.0
2111789,Serrano do Maranhão - MA,1998,72.0,22.0
2111789,Serrano do Maranhão - MA,1999,72.0,22.0
2111789,Serrano do Maranhão - MA,2000,72.0,22.0
2111789,Serrano do Maranhão - MA,2001,76.0,15.0
2111789,Serrano do Maranhão - MA,2002,80.0,20.0
2111789,Serrano do Maranhão - MA,2003,87.0,22.0
2111789,Serrano do Maranhão - MA,2004,89.0,35.0
2111789,Serrano do Maranhão - MA,2005,93.0,47.0
2111789,Serrano do Maranhão - MA,2006,95.0,57.0
2111789,Serrano do Maranhão - MA,2007,101.0,101.0
2111789,Serrano do Maranhão - MA,2008,103.0,133.0
2111789,Serrano do Maranhão - MA,2009,104.0,119.0
2111789,Serrano do Maranhão - MA,2010,95.0,114.0
2111789,Serrano do Maranhão - MA,2011,93.0,112.0
2111789,Serrano do Maranhão - MA,2012,95.0,133.0
2111789,Serrano do Maranhão - MA,2013,98.0,147.0
2111789,Serrano do Maranhão - MA,2014,99.0,158.0
2111789,Serrano do Maranhão - MA,2015,100.0,185.0
2111789,Serrano do Maranhão - MA,2016,101.0,202.0
2111789,Serrano do Maranhão - MA,2017,103.0,217.0
2111789,Serrano do Maranhão - MA,2018,105.0,231.0
2111789,Serrano do Maranhão - MA,2019,103.0,217.0
2111789,Serrano do Maranhão - MA,2020,105.0,242.0
2111789,Serrano do Maranhão - MA,2021,107.0,278.0
2111789,Serrano do Maranhão - MA,2022,101.0,269.0
2111789,Serrano do Maranhão - MA,2023,102.0,277.0
2111789,Serrano do Maranhão - MA,2024,106.0,338.0
2110500,São Bento - MA,1995,4.0,1.0
2110500,São Bento - MA,1996,10.0,4.0
2110500,São Bento - MA,1997,11.0,5.0
2110500,São Bento - MA,1998,11.0,3.0
2110500,São Bento - MA,1999,11.0,3.0
2110500,São Bento - MA,2000,11.0,3.0
2110500,São Bento - MA,2001,10.0,2.0
2110500,São Bento - MA,2002,9.0,3.0
2110500,São Bento - MA,2003,11.0,2.0
2110500,São Bento - MA,2004,11.0,9.0
2110500,São Bento - MA,2005,11.0,8.0
2110500,São Bento - MA,2006,11.0,10.0
2110500,São Bento - MA,2007,11.0,8.0
2110500,São Bento - MA,2008,11.0,8.0
2110500,São Bento - MA,2009,11.0,11.0
2110500,São Bento - MA,2010,10.0,11.0
2110500,São Bento - MA,2011,10.0,15.0
2110500,São Bento - MA,2012,10.0,15.0
2110500,São Bento - MA,2013,11.0,16.0
2110500,São Bento - MA,2014,11.0,17.0
2110500,São Bento - MA,2015,11.0,20.0
2110500,São Bento - MA,2016,11.0,19.0
2110500,São Bento - MA,2017,11.0,21.0
2110500,São Bento - MA,2018,12.0,22.0
2110500,São Bento - MA,2019,12.0,22.0
2110500,São Bento - MA,2020,12.0,24.0
2110500,São Bento - MA,2021,12.0,29.0
2110500,São Bento - MA,2022,12.0,30.0
2110500,São Bento - MA,2023,13.0,35.0
2110500,São Bento - MA,2024,13.0,39.0
2111201,São José de Ribamar - MA,1995,370.0,130.0
2111201,São José de Ribamar - MA,1996,26.0,9.0
2111201,São José de Ribamar - MA,1997,25.0,8.0
2111201,São José de Ribamar - MA,1998,23.0,7.0
2111201,São José de Ribamar - MA,1999,23.0,8.0
2111201,São José de Ribamar - MA,2000,24.0,9.0
2111201,São José de Ribamar - MA,2001,25.0,12.0
2111201,São José de Ribamar - MA,2002,26.0,15.0
2111201,São José de Ribamar - MA,2003,27.0,16.0
2111201,São José de Ribamar - MA,2004,23.0,17.0
2111201,São José de Ribamar - MA,2005,26.0,15.0
2111201,São José de Ribamar - MA,2006,28.0,19.0
2111201,São José de Ribamar - MA,2007,30.0,23.0
2111201,São José de Ribamar - MA,2008,28.0,23.0
2111201,São José de Ribamar - MA,2009,31.0,24.0
2111201,São José de Ribamar - MA,2010,26.0,21.0
2111201,São José de Ribamar - MA,2011,21.0,17.0
2111201,São José de Ribamar - MA,2012,20.0,20.0
2111201,São José de Ribamar - MA,2013,18.0,20.0
2111201,São José de Ribamar - MA,2014,18.0,23.0
2111201,São José de Ribamar - MA,2015,18.0,26.0
2111201,São José de Ribamar - MA,2016,18.0,27.0
2111201,São José de Ribamar - MA,2017,17.0,26.0
2111201,São José de Ribamar - MA,2018,18.0,28.0
2111201,São José de Ribamar - MA,2019,18.0,29.0
2111201,São José de Ribamar - MA,2020,19.0,33.0
2111201,São José de Ribamar - MA,2021,19.0,35.0
2111201,São José de Ribamar - MA,2022,19.0,36.0
2111201,São José de Ribamar - MA,2023,17.0,37.0
2111201,São José de Ribamar - MA,2024,16.0,41.0
2111003,São João Batista - MA,1996,2.0,1.0
2111003,São João Batista - MA,1997,1.0,0.0
2111003,São João Batista - MA,1998,1.0,0.0
2111003,São João Batista - MA,1999,1.0,0.0
2111003,São João Batista - MA,2000,1.0,0.0
2111003,São João Batista - MA,2001,1.0,0.0
2111003,São João Batista - MA,2002,1.0,0.0
2111003,São João Batista - MA,2003,1.0,0.0
2111003,São João Batista - MA,2004,1.0,0.0
2111003,São João Batista - MA,2005,1.0,0.0
2111003,São João Batista - MA,2006,1.0,0.0
2111003,São João Batista - MA,2007,1.0,1.0
2111003,São João Batista - MA,2008,1.0,1.0
2111003,São João Batista - MA,2009,1.0,1.0
2111003,São João Batista - MA,2010,1.0,1.0
2111003,São João Batista - MA,2011,1.0,1.0
2111003,São João Batista - MA,2012,1.0,1.0
2111003,São João Batista - MA,2013,1.0,1.0
2111003,São João Batista - MA,2014,1.0,1.0
2111003,São João Batista - MA,2015,1.0,1.0
2111003,São João Batista - MA,2016,1.0,1.0
2111003,São João Batista - MA,2017,1.0,2.0
2111003,São João Batista - MA,2018,1.0,3.0
2111003,São João Batista - MA,2019,1.0,3.0
2111003,São João Batista - MA,2020,2.0,3.0
2111003,São João Batista - MA,2021,1.0,3.0
2111003,São João Batista - MA,2022,2.0,3.0
2111003,São João Batista - MA,2023,2.0,4.0
2111003,São João Batista - MA,2024,2.0,5.0
2111029,São João do Carú - MA,2014,8.0,12.0
2111029,São João do Carú - MA,2015,9.0,15.0
2111029,São João do Carú - MA,2016,10.0,17.0
2111029,São João do Carú - MA,2017,11.0,23.0
2111029,São João do Carú - MA,2018,12.0,28.0
2111029,São João do Carú - MA,2019,13.0,27.0
2111029,São João do Carú - MA,2020,13.0,33.0
2111029,São João do Carú - MA,2021,14.0,42.0
2111029,São João do Carú - MA,2022,13.0,45.0
2111029,São João do Carú - MA,2023,14.0,55.0
2111029,São João do Carú - MA,2024,15.0,69.0
2111300,São Luís - MA,1995,56.0,20.0
2111300,São Luís - MA,1996,35.0,9.0
2111300,São Luís - MA,1997,34.0,10.0
2111300,São Luís - MA,1998,34.0,12.0
2111300,São Luís - MA,1999,35.0,13.0
2111300,São Luís - MA,2000,37.0,15.0
2111300,São Luís - MA,2001,38.0,19.0
2111300,São Luís - MA,2002,39.0,23.0
2111300,São Luís - MA,2003,41.0,24.0
2111300,São Luís - MA,2004,35.0,26.0
2111300,São Luís - MA,2005,39.0,23.0
2111300,São Luís - MA,2006,42.0,55.0
2111300,São Luís - MA,2007,60.0,103.0
2111300,São Luís - MA,2008,76.0,114.0
2111300,São Luís - MA,2009,79.0,79.0
2111300,São Luís - MA,2010,77.0,77.0
2111300,São Luís - MA,2011,175.0,263.0
2111300,São Luís - MA,2012,193.0,241.0
2111300,São Luís - MA,2013,212.0,286.0
2111300,São Luís - MA,2014,203.0,284.0
2111300,São Luís - MA,2015,183.0,265.0
2111300,São Luís - MA,2016,185.0,286.0
2111300,São Luís - MA,2017,191.0,306.0
2111300,São Luís - MA,2018,184.0,313.0
2111300,São Luís - MA,2019,158.0,284.0
2111300,São Luís - MA,2020,161.0,298.0
2111300,São Luís - MA,2021,162.0,311.0
2111300,São Luís - MA,2022,131.0,242.0
2111300,São Luís - MA,2023,138.0,305.0
2111300,São Luís - MA,2024,147.0,375.0
2111532,São Pedro da Água Branca - MA,2016,80.0,87.0
2111532,São Pedro da Água Branca - MA,2017,82.0,110.0
2111532,São Pedro da Água Branca - MA,2018,68.0,79.0
2111532,São Pedro da Água Branca - MA,2019,77.0,99.0
2111532,São Pedro da Água Branca - MA,2020,78.0,112.0
2111532,São Pedro da Água Branca - MA,2021,81.0,138.0
2111532,São Pedro da Água Branca - MA,2022,83.0,149.0
2111532,São Pedro da Água Branca - MA,2023,65.0,169.0
2111532,São Pedro da Água Branca - MA,2024,66.0,174.0
2111706,São Vicente Ferrer - MA,2016,6.0,12.0
2111706,São Vicente Ferrer - MA,2017,7.0,14.0
2111706,São Vicente Ferrer - MA,2018,8.0,16.0
2111706,São Vicente Ferrer - MA,2019,8.0,16.0
2111706,São Vicente Ferrer - MA,2020,8.0,17.0
2111706,São Vicente Ferrer - MA,2021,8.0,19.0
2111706,São Vicente Ferrer - MA,2022,9.0,20.0
2111706,São Vicente Ferrer - MA,2023,8.0,22.0
2111706,São Vicente Ferrer - MA,2024,9.0,25.0
2112274,Tufilândia - MA,2014,9.0,13.0
2112274,Tufilândia - MA,2015,10.0,17.0
2112274,Tufilândia - MA,2016,11.0,22.0
2112274,Tufilândia - MA,2017,13.0,27.0
2112274,Tufilândia - MA,2018,14.0,36.0
2112274,Tufilândia - MA,2019,15.0,42.0
2112274,Tufilândia - MA,2020,16.0,48.0
2112274,Tufilândia - MA,2021,14.0,47.0
2112274,Tufilândia - MA,2022,14.0,58.0
2112274,Tufilândia - MA,2023,15.0,91.0
2112274,Tufilândia - MA,2024,16.0,113.0
2112407,Turiaçu - MA,1995,9.0,2.0
2112407,Turiaçu - MA,1996,1.0,0.0
2112407,Turiaçu - MA,1997,2.0,1.0
2112407,Turiaçu - MA,1998,2.0,1.0
2112407,Turiaçu - MA,1999,2.0,1.0
2112407,Turiaçu - MA,2000,2.0,1.0
2112407,Turiaçu - MA,2001,2.0,0.0
2112407,Turiaçu - MA,2002,2.0,1.0
2112407,Turiaçu - MA,2003,2.0,1.0
2112407,Turiaçu - MA,2004,2.0,1.0
2112407,Turiaçu - MA,2005,2.0,1.0
2112407,Turiaçu - MA,2006,2.0,2.0
2112407,Turiaçu - MA,2007,2.0,2.0
2112407,Turiaçu - MA,2008,2.0,2.0
2112407,Turiaçu - MA,2009,377.0,434.0
2112407,Turiaçu - MA,2010,302.0,401.0
2112407,Turiaçu - MA,2011,308.0,462.0
2112407,Turiaçu - MA,2012,318.0,445.0
2112407,Turiaçu - MA,2013,324.0,486.0
2112407,Turiaçu - MA,2014,331.0,496.0
2112407,Turiaçu - MA,2015,337.0,557.0
2112407,Turiaçu - MA,2016,339.0,576.0
2112407,Turiaçu - MA,2017,334.0,702.0
2112407,Turiaçu - MA,2018,339.0,781.0
2112407,Turiaçu - MA,2019,341.0,853.0
2112407,Turiaçu - MA,2020,345.0,913.0
2112407,Turiaçu - MA,2021,339.0,949.0
2112407,Turiaçu - MA,2022,342.0,993.0
2112407,Turiaçu - MA,2023,344.0,1032.0
2112407,Turiaçu - MA,2024,344.0,1170.0
2112605,Urbano Santos - MA,1996,2.0,1.0
2112605,Urbano Santos - MA,1997,2.0,1.0
2112605,Urbano Santos - MA,1999,2.0,1.0
2112605,Urbano Santos - MA,2000,2.0,1.0
2112605,Urbano Santos - MA,2001,1.0,1.0
2112803,Viana - MA,1996,281.0,84.0
2112803,Viana - MA,1997,279.0,84.0
2112803,Viana - MA,1998,280.0,84.0
2112803,Viana - MA,1999,281.0,84.0
2112803,Viana - MA,2000,280.0,75.0
2112803,Viana - MA,2001,278.0,83.0
2112803,Viana - MA,2002,277.0,91.0
2112803,Viana - MA,2003,278.0,70.0
2112803,Viana - MA,2004,280.0,84.0
2112803,Viana - MA,2005,280.0,112.0
2112803,Viana - MA,2006,286.0,132.0
2112803,Viana - MA,2007,285.0,143.0
2112803,Viana - MA,2008,289.0,231.0
2112803,Viana - MA,2009,284.0,255.0
2112803,Viana - MA,2010,292.0,292.0
2112803,Viana - MA,2011,286.0,315.0
2112803,Viana - MA,2012,266.0,212.0
2112803,Viana - MA,2013,263.0,290.0
2112803,Viana - MA,2014,271.0,325.0
2112803,Viana - MA,2015,255.0,331.0
2112803,Viana - MA,2016,140.0,211.0
2112803,Viana - MA,2017,146.0,310.0
2112803,Viana - MA,2018,148.0,311.0
2112803,Viana - MA,2019,142.0,285.0
2112803,Viana - MA,2020,140.0,287.0
2112803,Viana - MA,2021,142.0,304.0
2112803,Viana - MA,2022,143.0,329.0
2112803,Viana - MA,2023,145.0,392.0
2112803,Viana - MA,2024,156.0,454.0
2112852,Vila Nova dos Martírios - MA,2003,43.0,19.0
2112852,Vila Nova dos Martírios - MA,2004,48.0,24.0
2112852,Vila Nova dos Martírios - MA,2005,50.0,21.0
2112852,Vila Nova dos Martírios - MA,2006,52.0,18.0
2112852,Vila Nova dos Martírios - MA,2007,55.0,33.0
2112852,Vila Nova dos Martírios - MA,2008,58.0,39.0
2112852,Vila Nova dos Martírios - MA,2009,75.0,44.0
2112852,Vila Nova dos Martírios - MA,2010,125.0,88.0
2112852,Vila Nova dos Martírios - MA,2011,243.0,201.0
2112852,Vila Nova dos Martírios - MA,2012,224.0,179.0
2112852,Vila Nova dos Martírios - MA,2013,250.0,208.0
2112852,Vila Nova dos Martírios - MA,2014,485.0,436.0
2112852,Vila Nova dos Martírios - MA,2015,554.0,610.0
2112852,Vila Nova dos Martírios - MA,2016,871.0,1045.0
2112852,Vila Nova dos Martírios - MA,2017,879.0,1178.0
2112852,Vila Nova dos Martírios - MA,2018,907.0,1197.0
2112852,Vila Nova dos Martírios - MA,2019,1036.0,1410.0
2112852,Vila Nova dos Martírios - MA,2020,1062.0,1550.0
2112852,Vila Nova dos Martírios - MA,2021,1082.0,1839.0
2112852,Vila Nova dos Martírios - MA,2022,1125.0,2026.0
2112852,Vila Nova dos Martírios - MA,2023,812.0,2070.0
2112852,Vila Nova dos Martírios - MA,2024,805.0,2134.0
2112902,Vitória do Mearim - MA,1996,82.0,25.0
2112902,Vitória do Mearim - MA,1997,78.0,23.0
2112902,Vitória do Mearim - MA,1998,78.0,23.0
2112902,Vitória do Mearim - MA,1999,78.0,23.0
2112902,Vitória do Mearim - MA,2000,78.0,20.0
2112902,Vitória do Mearim - MA,2001,78.0,23.0
2112902,Vitória do Mearim - MA,2002,78.0,26.0
2112902,Vitória do Mearim - MA,2003,78.0,20.0
2112902,Vitória do Mearim - MA,2004,78.0,23.0
2112902,Vitória do Mearim - MA,2005,78.0,27.0
2112902,Vitória do Mearim - MA,2006,77.0,23.0
2112902,Vitória do Mearim - MA,2007,78.0,39.0
2112902,Vitória do Mearim - MA,2008,79.0,63.0
2112902,Vitória do Mearim - MA,2009,80.0,72.0
2112902,Vitória do Mearim - MA,2010,82.0,82.0
2112902,Vitória do Mearim - MA,2011,80.0,88.0
2112902,Vitória do Mearim - MA,2012,74.0,52.0
2112902,Vitória do Mearim - MA,2013,73.0,73.0
2112902,Vitória do Mearim - MA,2014,71.0,85.0
2112902,Vitória do Mearim - MA,2015,69.0,97.0
2112902,Vitória do Mearim - MA,2016,98.0,153.0
2112902,Vitória do Mearim - MA,2017,120.0,224.0
2112902,Vitória do Mearim - MA,2018,119.0,237.0
2112902,Vitória do Mearim - MA,2019,108.0,210.0
2112902,Vitória do Mearim - MA,2020,106.0,212.0
2112902,Vitória do Mearim - MA,2021,103.0,215.0
2112902,Vitória do Mearim - MA,2022,99.0,227.0
2112902,Vitória do Mearim - MA,2023,96.0,258.0
2112902,Vitória do Mearim - MA,2024,95.0,284.0
2114007,Zé Doca - MA,1996,1.0,1.0
2114007,Zé Doca - MA,2023,10.0,40.0
2114007,Zé Doca - MA,2024,12.0,54.0
