municipio_id,municipio,ano,quantidade_kg,valor_mil_reais
2100204,Alcântara - MA,2001,459.0,4.0
2100204,Alcântara - MA,2002,460.0,4.0
2100204,Alcântara - MA,2003,390.0,3.0
2100204,Alcântara - MA,2004,420.0,3.0
2100204,Alcântara - MA,2005,1200.0,12.0
2100204,Alcântara - MA,2006,1250.0,10.0
2100204,Alcântara - MA,2007,1275.0,10.0
2100204,Alcântara - MA,2008,1210.0,10.0
2100204,Alcântara - MA,2009,1228.0,11.0
2100204,Alcântara - MA,2010,1120.0,11.0
2100204,Alcântara - MA,2011,1150.0,12.0
2100204,Alcântara - MA,2012,1165.0,13.0
2100204,Alcântara - MA,2013,970.0,15.0
2100204,Alcântara - MA,2014,1020.0,17.0
2100204,Alcântara - MA,2015,910.0,17.0
2100204,Alcântara - MA,2016,740.0,13.0
2100204,Alcântara - MA,2017,751.0,14.0
2100204,Alcântara - MA,2018,762.0,14.0
2100204,Alcântara - MA,2019,777.0,14.0
2100204,Alcântara - MA,2020,792.0,15.0
2100204,Alcântara - MA,2021,808.0,15.0
2100204,Alcântara - MA,2022,824.0,16.0
2100204,Alcântara - MA,2023,845.0,19.0
2100204,Alcântara - MA,2024,870.0,23.0
2100550,Amapá do Maranhão - MA,2002,250.0,1.0
2100550,Amapá do Maranhão - MA,2003,1530.0,6.0
2100550,Amapá do Maranhão - MA,2004,1680.0,6.0
2100550,Amapá do Maranhão - MA,2005,1852.0,4.0
2100550,Amapá do Maranhão - MA,2006,1567.0,6.0
2100550,Amapá do Maranhão - MA,2007,1723.0,5.0
2100550,Amapá do Maranhão - MA,2008,12467.0,32.0
2100550,Amapá do Maranhão - MA,2009,11844.0,65.0
2100550,Amapá do Maranhão - MA,2010,13527.0,60.0
2100550,Amapá do Maranhão - MA,2011,13875.0,69.0
2100550,Amapá do Maranhão - MA,2012,13875.0,67.0
2100550,Amapá do Maranhão - MA,2013,14145.0,92.0
2100550,Amapá do Maranhão - MA,2014,13600.0,88.0
2100550,Amapá do Maranhão - MA,2015,8160.0,69.0
2100550,Amapá do Maranhão - MA,2016,81257.0,772.0
2100550,Amapá do Maranhão - MA,2017,73439.0,734.0
2100550,Amapá do Maranhão - MA,2018,74325.0,520.0
2100550,Amapá do Maranhão - MA,2019,78205.0,571.0
2100550,Amapá do Maranhão - MA,2020,83278.0,666.0
2100550,Amapá do Maranhão - MA,2021,85613.0,1284.0
2100550,Amapá do Maranhão - MA,2022,89854.0,1258.0
2100550,Amapá do Maranhão - MA,2023,85600.0,1113.0
2100550,Amapá do Maranhão - MA,2024,68908.0,827.0
2100600,Amarante do Maranhão - MA,2006,2750.0,23.0
2100600,Amarante do Maranhão - MA,2020,140.0,3.0
2100600,Amarante do Maranhão - MA,2021,145.0,3.0
2100709,Anajatuba - MA,2020,34000.0,476.0
2100709,Anajatuba - MA,2021,34022.0,483.0
2100709,Anajatuba - MA,2022,34036.0,485.0
2100709,Anajatuba - MA,2023,34046.0,487.0
2100709,Anajatuba - MA,2024,34088.0,489.0
2100873,Araguanã - MA,1997,4000.0,12.0
2100873,Araguanã - MA,1998,4500.0,36.0
2100873,Araguanã - MA,1999,4420.0,15.0
2100873,Araguanã - MA,2000,3128.0,8.0
2100873,Araguanã - MA,2001,3000.0,15.0
2100873,Araguanã - MA,2002,3200.0,13.0
2100873,Araguanã - MA,2003,2910.0,14.0
2100873,Araguanã - MA,2004,3000.0,11.0
2100873,Araguanã - MA,2005,3150.0,8.0
2100873,Araguanã - MA,2006,2993.0,8.0
2100873,Araguanã - MA,2007,2394.0,5.0
2100873,Araguanã - MA,2008,2154.0,6.0
2100873,Araguanã - MA,2009,2219.0,12.0
2100873,Araguanã - MA,2010,2100.0,11.0
2100873,Araguanã - MA,2011,2400.0,12.0
2100873,Araguanã - MA,2012,2160.0,26.0
2100873,Araguanã - MA,2013,2398.0,36.0
2100873,Araguanã - MA,2014,2493.0,42.0
2100873,Araguanã - MA,2015,2168.0,34.0
2100873,Araguanã - MA,2016,2273.0,34.0
2100873,Araguanã - MA,2017,2315.0,36.0
2100873,Araguanã - MA,2018,2355.0,40.0
2100873,Araguanã - MA,2019,2265.0,38.0
2100873,Araguanã - MA,2020,2198.0,40.0
2100873,Araguanã - MA,2021,2100.0,48.0
2100873,Araguanã - MA,2022,1985.0,52.0
2100873,Araguanã - MA,2023,2182.0,19.0
2100873,Araguanã - MA,2024,2365.0,24.0
2100956,Arame - MA,2022,104.0,12.0
2100956,Arame - MA,2023,22.0,2.0
2100956,Arame - MA,2024,42.0,4.0
2101004,Arari - MA,1995,208.0,0.0
2101004,Arari - MA,1996,213.0,1.0
2101004,Arari - MA,1997,716.0,4.0
2101004,Arari - MA,1998,205.0,2.0
2101004,Arari - MA,1999,204.0,2.0
2101004,Arari - MA,2000,456.0,4.0
2101004,Arari - MA,2001,459.0,4.0
2101004,Arari - MA,2002,463.0,4.0
2101004,Arari - MA,2003,496.0,3.0
2101004,Arari - MA,2004,541.0,3.0
2101004,Arari - MA,2005,584.0,1.0
2101004,Arari - MA,2016,10000.0,150.0
2101004,Arari - MA,2017,12500.0,188.0
2101004,Arari - MA,2018,11800.0,165.0
2101004,Arari - MA,2019,10100.0,121.0
2101004,Arari - MA,2020,8900.0,125.0
2101004,Arari - MA,2021,8200.0,123.0
2101004,Arari - MA,2022,9800.0,127.0
2101004,Arari - MA,2023,21750.0,174.0
2101004,Arari - MA,2024,24500.0,319.0
2100055,Açailândia - MA,2005,960.0,7.0
2100055,Açailândia - MA,2006,925.0,7.0
2100055,Açailândia - MA,2007,1292.0,16.0
2100055,Açailândia - MA,2008,1433.0,13.0
2100055,Açailândia - MA,2009,2084.0,21.0
2100055,Açailândia - MA,2010,2086.0,23.0
2100055,Açailândia - MA,2011,1747.0,19.0
2100055,Açailândia - MA,2012,4843.0,73.0
2100055,Açailândia - MA,2013,5882.0,103.0
2100055,Açailândia - MA,2014,8921.0,205.0
2100055,Açailândia - MA,2015,6806.0,252.0
2100055,Açailândia - MA,2016,4267.0,81.0
2100055,Açailândia - MA,2017,3857.0,96.0
2100055,Açailândia - MA,2018,3628.0,98.0
2100055,Açailândia - MA,2019,4435.0,118.0
2100055,Açailândia - MA,2020,5030.0,138.0
2100055,Açailândia - MA,2021,6277.0,182.0
2100055,Açailândia - MA,2022,6530.0,229.0
2100055,Açailândia - MA,2023,11586.0,434.0
2100055,Açailândia - MA,2024,13875.0,527.0
2101251,Bacabeira - MA,2005,2400.0,17.0
2101251,Bacabeira - MA,2006,1800.0,13.0
2101251,Bacabeira - MA,2007,1780.0,12.0
2101251,Bacabeira - MA,2008,1600.0,14.0
2101251,Bacabeira - MA,2009,1600.0,14.0
2101251,Bacabeira - MA,2010,1690.0,19.0
2101251,Bacabeira - MA,2011,1750.0,21.0
2101251,Bacabeira - MA,2012,1790.0,24.0
2101251,Bacabeira - MA,2013,1820.0,25.0
2101251,Bacabeira - MA,2014,1943.0,27.0
2101251,Bacabeira - MA,2015,1981.0,32.0
2101251,Bacabeira - MA,2016,14380.0,173.0
2101251,Bacabeira - MA,2017,14510.0,218.0
2101251,Bacabeira - MA,2018,17412.0,113.0
2101251,Bacabeira - MA,2019,18238.0,128.0
2101251,Bacabeira - MA,2020,17245.0,125.0
2101251,Bacabeira - MA,2021,16930.0,125.0
2101251,Bacabeira - MA,2022,18230.0,142.0
2101251,Bacabeira - MA,2023,20150.0,186.0
2101251,Bacabeira - MA,2024,23290.0,419.0
2101350,Bacurituba - MA,2010,2000.0,20.0
2101350,Bacurituba - MA,2011,2020.0,30.0
2101350,Bacurituba - MA,2012,2040.0,41.0
2101350,Bacurituba - MA,2013,2070.0,41.0
2101350,Bacurituba - MA,2014,2084.0,40.0
2101350,Bacurituba - MA,2015,2115.0,32.0
2101350,Bacurituba - MA,2016,2126.0,34.0
2101350,Bacurituba - MA,2017,2137.0,38.0
2101350,Bacurituba - MA,2018,2132.0,39.0
2101350,Bacurituba - MA,2019,2123.0,40.0
2101350,Bacurituba - MA,2020,2119.0,40.0
2101350,Bacurituba - MA,2021,2130.0,41.0
2101350,Bacurituba - MA,2022,2141.0,49.0
2101350,Bacurituba - MA,2023,2162.0,54.0
2101350,Bacurituba - MA,2024,2180.0,58.0
2101608,Barra do Corda - MA,1997,2143.0,9.0
2101608,Barra do Corda - MA,1998,2162.0,9.0
2101608,Barra do Corda - MA,1999,2216.0,10.0
2101608,Barra do Corda - MA,2000,2238.0,10.0
2101608,Barra do Corda - MA,2001,2250.0,8.0
2101608,Barra do Corda - MA,2002,2150.0,12.0
2101608,Barra do Corda - MA,2003,1527.0,9.0
2101608,Barra do Corda - MA,2004,1665.0,15.0
2101608,Barra do Corda - MA,2005,1705.0,16.0
2101608,Barra do Corda - MA,2006,1761.0,18.0
2101608,Barra do Corda - MA,2007,1826.0,18.0
2101608,Barra do Corda - MA,2008,1894.0,23.0
2101608,Barra do Corda - MA,2009,1953.0,29.0
2101608,Barra do Corda - MA,2010,70.0,1.0
2101608,Barra do Corda - MA,2011,73.0,1.0
2101608,Barra do Corda - MA,2012,77.0,1.0
2101608,Barra do Corda - MA,2013,83.0,1.0
2101608,Barra do Corda - MA,2014,90.0,2.0
2101608,Barra do Corda - MA,2015,100.0,2.0
2101608,Barra do Corda - MA,2016,90.0,2.0
2101608,Barra do Corda - MA,2017,95.0,2.0
2101608,Barra do Corda - MA,2018,105.0,2.0
2101608,Barra do Corda - MA,2019,111.0,2.0
2101608,Barra do Corda - MA,2020,103.0,2.0
2101608,Barra do Corda - MA,2021,100.0,2.0
2101608,Barra do Corda - MA,2023,1876.0,77.0
2101608,Barra do Corda - MA,2024,880.0,40.0
2101731,Belágua - MA,2008,300.0,5.0
2101731,Belágua - MA,2009,350.0,6.0
2101731,Belágua - MA,2010,450.0,8.0
2101731,Belágua - MA,2011,480.0,12.0
2101731,Belágua - MA,2012,500.0,9.0
2101731,Belágua - MA,2013,250.0,6.0
2101731,Belágua - MA,2014,255.0,5.0
2101731,Belágua - MA,2015,260.0,5.0
2101731,Belágua - MA,2016,226.0,4.0
2101905,Bequimão - MA,2010,1000.0,10.0
2101905,Bequimão - MA,2011,1030.0,15.0
2101905,Bequimão - MA,2012,1051.0,19.0
2101905,Bequimão - MA,2013,1073.0,21.0
2101905,Bequimão - MA,2014,1089.0,23.0
2101905,Bequimão - MA,2015,1111.0,19.0
2101905,Bequimão - MA,2016,1122.0,20.0
2101905,Bequimão - MA,2017,1133.0,21.0
2101905,Bequimão - MA,2018,1156.0,20.0
2101905,Bequimão - MA,2019,1163.0,20.0
2101905,Bequimão - MA,2020,1171.0,20.0
2101905,Bequimão - MA,2021,1183.0,22.0
2101905,Bequimão - MA,2022,1195.0,30.0
2101905,Bequimão - MA,2023,1207.0,31.0
2101905,Bequimão - MA,2024,1219.0,32.0
2101970,Boa Vista do Gurupi - MA,2002,550.0,2.0
2101970,Boa Vista do Gurupi - MA,2003,345.0,2.0
2101970,Boa Vista do Gurupi - MA,2004,1050.0,4.0
2101970,Boa Vista do Gurupi - MA,2005,2476.0,6.0
2101970,Boa Vista do Gurupi - MA,2006,2556.0,9.0
2101970,Boa Vista do Gurupi - MA,2007,3195.0,8.0
2101970,Boa Vista do Gurupi - MA,2010,14150.0,57.0
2101970,Boa Vista do Gurupi - MA,2011,14603.0,70.0
2101970,Boa Vista do Gurupi - MA,2012,13305.0,62.0
2101970,Boa Vista do Gurupi - MA,2013,13634.0,71.0
2101970,Boa Vista do Gurupi - MA,2014,13750.0,76.0
2101970,Boa Vista do Gurupi - MA,2015,13867.0,111.0
2101970,Boa Vista do Gurupi - MA,2016,16612.0,150.0
2101970,Boa Vista do Gurupi - MA,2017,16955.0,170.0
2101970,Boa Vista do Gurupi - MA,2018,35900.0,323.0
2101970,Boa Vista do Gurupi - MA,2019,36500.0,310.0
2101970,Boa Vista do Gurupi - MA,2020,37380.0,299.0
2101970,Boa Vista do Gurupi - MA,2021,41742.0,626.0
2101970,Boa Vista do Gurupi - MA,2022,44246.0,619.0
2101970,Boa Vista do Gurupi - MA,2023,41200.0,515.0
2101970,Boa Vista do Gurupi - MA,2024,38526.0,501.0
2102200,Buriti - MA,1999,570.0,2.0
2102200,Buriti - MA,2000,609.0,2.0
2102200,Buriti - MA,2001,720.0,4.0
2102200,Buriti - MA,2002,610.0,3.0
2102200,Buriti - MA,2003,800.0,8.0
2102200,Buriti - MA,2004,950.0,11.0
2102200,Buriti - MA,2005,800.0,12.0
2102200,Buriti - MA,2006,750.0,11.0
2102309,Buriti Bravo - MA,2017,2980.0,34.0
2102309,Buriti Bravo - MA,2018,4860.0,58.0
2102309,Buriti Bravo - MA,2019,4617.0,55.0
2102309,Buriti Bravo - MA,2020,4455.0,56.0
2102309,Buriti Bravo - MA,2021,6000.0,90.0
2102309,Buriti Bravo - MA,2022,5460.0,87.0
2102309,Buriti Bravo - MA,2023,4960.0,99.0
2102309,Buriti Bravo - MA,2024,4464.0,112.0
2102358,Buritirana - MA,2011,180.0,2.0
2102358,Buritirana - MA,2012,150.0,2.0
2102358,Buritirana - MA,2013,150.0,3.0
2102358,Buritirana - MA,2014,120.0,2.0
2102358,Buritirana - MA,2015,90.0,1.0
2102358,Buritirana - MA,2016,14.0,0.0
2102358,Buritirana - MA,2017,150.0,5.0
2102358,Buritirana - MA,2018,90.0,3.0
2102358,Buritirana - MA,2019,75.0,2.0
2102358,Buritirana - MA,2020,165.0,5.0
2102358,Buritirana - MA,2021,1248.0,35.0
2102358,Buritirana - MA,2022,1011.0,34.0
2102358,Buritirana - MA,2023,2335.0,82.0
2102358,Buritirana - MA,2024,2112.0,63.0
2102408,Cajapió - MA,1995,335.0,1.0
2102408,Cajapió - MA,1996,346.0,1.0
2102408,Cajapió - MA,2016,675.0,7.0
2102408,Cajapió - MA,2017,750.0,7.0
2102408,Cajapió - MA,2018,1320.0,11.0
2102408,Cajapió - MA,2019,1420.0,13.0
2102408,Cajapió - MA,2020,1500.0,15.0
2102408,Cajapió - MA,2021,1750.0,26.0
2102408,Cajapió - MA,2022,1820.0,25.0
2102408,Cajapió - MA,2023,1920.0,23.0
2102408,Cajapió - MA,2024,1580.0,21.0
2102556,Campestre do Maranhão - MA,2010,975.0,9.0
2102556,Campestre do Maranhão - MA,2011,119.0,1.0
2102556,Campestre do Maranhão - MA,2012,124.0,1.0
2102556,Campestre do Maranhão - MA,2013,96.0,1.0
2102556,Campestre do Maranhão - MA,2014,75.0,1.0
2102804,Carolina - MA,2014,567.0,11.0
2102804,Carolina - MA,2015,510.0,8.0
2102804,Carolina - MA,2016,490.0,8.0
2102804,Carolina - MA,2017,475.0,9.0
2102804,Carolina - MA,2018,2560.0,77.0
2102804,Carolina - MA,2019,2400.0,65.0
2102804,Carolina - MA,2020,2350.0,64.0
2102804,Carolina - MA,2021,2585.0,75.0
2102804,Carolina - MA,2022,2875.0,101.0
2102804,Carolina - MA,2023,2932.0,132.0
2102804,Carolina - MA,2024,2950.0,139.0
2102903,Carutapera - MA,2002,1800.0,7.0
2102903,Carutapera - MA,2003,1812.0,8.0
2102903,Carutapera - MA,2004,3500.0,13.0
2102903,Carutapera - MA,2005,3605.0,10.0
2102903,Carutapera - MA,2006,3915.0,16.0
2102903,Carutapera - MA,2007,4000.0,11.0
2102903,Carutapera - MA,2008,1440.0,5.0
2102903,Carutapera - MA,2009,1368.0,8.0
2102903,Carutapera - MA,2010,1496.0,7.0
2102903,Carutapera - MA,2011,1514.0,7.0
2102903,Carutapera - MA,2012,1471.0,8.0
2102903,Carutapera - MA,2013,1522.0,8.0
2102903,Carutapera - MA,2014,1541.0,11.0
2102903,Carutapera - MA,2015,1538.0,12.0
2102903,Carutapera - MA,2016,1691.0,15.0
2102903,Carutapera - MA,2017,1835.0,17.0
2102903,Carutapera - MA,2018,1862.0,17.0
2102903,Carutapera - MA,2019,2220.0,19.0
2102903,Carutapera - MA,2020,2350.0,21.0
2102903,Carutapera - MA,2021,2537.0,41.0
2102903,Carutapera - MA,2022,2739.0,47.0
2102903,Carutapera - MA,2023,2950.0,35.0
2102903,Carutapera - MA,2024,3210.0,40.0
2103174,Centro Novo do Maranhão - MA,2002,270.0,1.0
2103174,Centro Novo do Maranhão - MA,2003,1108.0,5.0
2103174,Centro Novo do Maranhão - MA,2004,1500.0,5.0
2103174,Centro Novo do Maranhão - MA,2005,2300.0,6.0
2103174,Centro Novo do Maranhão - MA,2006,2185.0,8.0
2103174,Centro Novo do Maranhão - MA,2007,2300.0,7.0
2103174,Centro Novo do Maranhão - MA,2008,3000.0,8.0
2103174,Centro Novo do Maranhão - MA,2009,2850.0,14.0
2103174,Centro Novo do Maranhão - MA,2010,6270.0,38.0
2103174,Centro Novo do Maranhão - MA,2011,6446.0,42.0
2103174,Centro Novo do Maranhão - MA,2012,5938.0,32.0
2103174,Centro Novo do Maranhão - MA,2013,5925.0,33.0
2103174,Centro Novo do Maranhão - MA,2014,6280.0,38.0
2103174,Centro Novo do Maranhão - MA,2015,17425.0,148.0
2103174,Centro Novo do Maranhão - MA,2016,38370.0,345.0
2103174,Centro Novo do Maranhão - MA,2017,40237.0,402.0
2103174,Centro Novo do Maranhão - MA,2018,56331.0,479.0
2103174,Centro Novo do Maranhão - MA,2019,58350.0,502.0
2103174,Centro Novo do Maranhão - MA,2020,65780.0,592.0
2103174,Centro Novo do Maranhão - MA,2021,72135.0,1176.0
2103174,Centro Novo do Maranhão - MA,2022,78987.0,1185.0
2103174,Centro Novo do Maranhão - MA,2023,73200.0,893.0
2103174,Centro Novo do Maranhão - MA,2024,86450.0,1124.0
2103158,Centro do Guilherme - MA,2003,386.0,2.0
2103158,Centro do Guilherme - MA,2004,1250.0,4.0
2103158,Centro do Guilherme - MA,2005,2000.0,5.0
2103158,Centro do Guilherme - MA,2006,1903.0,6.0
2103158,Centro do Guilherme - MA,2007,2000.0,5.0
2103158,Centro do Guilherme - MA,2008,3190.0,10.0
2103158,Centro do Guilherme - MA,2009,3031.0,15.0
2103158,Centro do Guilherme - MA,2010,3320.0,15.0
2103158,Centro do Guilherme - MA,2011,3426.0,17.0
2103158,Centro do Guilherme - MA,2012,3360.0,18.0
2103158,Centro do Guilherme - MA,2013,3454.0,19.0
2103158,Centro do Guilherme - MA,2014,3485.0,23.0
2103158,Centro do Guilherme - MA,2015,4142.0,33.0
2103158,Centro do Guilherme - MA,2016,4597.0,45.0
2103158,Centro do Guilherme - MA,2017,5133.0,51.0
2103158,Centro do Guilherme - MA,2018,5489.0,47.0
2103158,Centro do Guilherme - MA,2019,6523.0,49.0
2103158,Centro do Guilherme - MA,2020,7000.0,56.0
2103158,Centro do Guilherme - MA,2021,12524.0,163.0
2103158,Centro do Guilherme - MA,2022,26632.0,320.0
2103158,Centro do Guilherme - MA,2023,27630.0,329.0
2103158,Centro do Guilherme - MA,2024,25350.0,317.0
2103257,Cidelândia - MA,2005,900.0,9.0
2103257,Cidelândia - MA,2006,500.0,5.0
2103257,Cidelândia - MA,2007,315.0,5.0
2103257,Cidelândia - MA,2008,825.0,8.0
2103257,Cidelândia - MA,2009,815.0,9.0
2103257,Cidelândia - MA,2010,429.0,6.0
2103257,Cidelândia - MA,2011,436.0,7.0
2103257,Cidelândia - MA,2012,697.0,13.0
2103257,Cidelândia - MA,2013,540.0,8.0
2103257,Cidelândia - MA,2014,395.0,9.0
2103257,Cidelândia - MA,2015,630.0,13.0
2103257,Cidelândia - MA,2016,221.0,5.0
2103257,Cidelândia - MA,2017,384.0,10.0
2103257,Cidelândia - MA,2018,333.0,8.0
2103257,Cidelândia - MA,2019,1270.0,24.0
2103257,Cidelândia - MA,2020,504.0,11.0
2103257,Cidelândia - MA,2021,390.0,10.0
2103257,Cidelândia - MA,2022,319.0,11.0
2103257,Cidelândia - MA,2023,285.0,11.0
2103257,Cidelândia - MA,2024,310.0,12.0
2103505,Colinas - MA,2011,2000.0,24.0
2103505,Colinas - MA,2012,550.0,10.0
2103505,Colinas - MA,2013,1550.0,19.0
2103505,Colinas - MA,2014,1800.0,22.0
2103505,Colinas - MA,2015,2019.0,27.0
2103505,Colinas - MA,2016,2201.0,31.0
2103505,Colinas - MA,2017,2100.0,25.0
2103505,Colinas - MA,2018,1750.0,22.0
2103505,Colinas - MA,2019,1652.0,20.0
2103505,Colinas - MA,2020,1587.0,20.0
2103505,Colinas - MA,2021,1456.0,18.0
2103505,Colinas - MA,2022,1245.0,19.0
2103554,Conceição do Lago-Açu - MA,2017,250.0,5.0
2103554,Conceição do Lago-Açu - MA,2018,287.0,6.0
2103554,Conceição do Lago-Açu - MA,2019,280.0,5.0
2103554,Conceição do Lago-Açu - MA,2020,277.0,5.0
2103554,Conceição do Lago-Açu - MA,2021,292.0,6.0
2103554,Conceição do Lago-Açu - MA,2022,295.0,5.0
2103703,Cururupu - MA,2004,900.0,8.0
2103703,Cururupu - MA,2005,927.0,9.0
2103703,Cururupu - MA,2009,515.0,6.0
2103703,Cururupu - MA,2010,525.0,6.0
2103703,Cururupu - MA,2011,530.0,7.0
2103703,Cururupu - MA,2012,535.0,8.0
2103703,Cururupu - MA,2013,546.0,9.0
2103703,Cururupu - MA,2014,557.0,10.0
2103703,Cururupu - MA,2015,573.0,10.0
2103703,Cururupu - MA,2016,583.0,11.0
2103703,Cururupu - MA,2017,598.0,11.0
2103703,Cururupu - MA,2018,610.0,12.0
2103703,Cururupu - MA,2019,622.0,12.0
2103703,Cururupu - MA,2020,631.0,12.0
2103703,Cururupu - MA,2021,644.0,12.0
2103703,Cururupu - MA,2022,652.0,13.0
2103703,Cururupu - MA,2023,685.0,17.0
2103703,Cururupu - MA,2024,709.0,21.0
2102606,Cândido Mendes - MA,2002,2800.0,11.0
2102606,Cândido Mendes - MA,2003,3012.0,14.0
2102606,Cândido Mendes - MA,2004,5500.0,19.0
2102606,Cândido Mendes - MA,2005,6321.0,17.0
2102606,Cândido Mendes - MA,2006,6147.0,22.0
2102606,Cândido Mendes - MA,2007,5532.0,17.0
2102606,Cândido Mendes - MA,2008,4000.0,14.0
2102606,Cândido Mendes - MA,2009,3921.0,20.0
2102606,Cândido Mendes - MA,2010,4215.0,21.0
2102606,Cândido Mendes - MA,2011,4046.0,22.0
2102606,Cândido Mendes - MA,2012,3985.0,22.0
2102606,Cândido Mendes - MA,2013,4113.0,24.0
2102606,Cândido Mendes - MA,2014,4162.0,27.0
2102606,Cândido Mendes - MA,2015,5302.0,50.0
2102606,Cândido Mendes - MA,2016,6275.0,69.0
2102606,Cândido Mendes - MA,2017,6587.0,79.0
2102606,Cândido Mendes - MA,2018,5280.0,53.0
2102606,Cândido Mendes - MA,2019,5500.0,47.0
2102606,Cândido Mendes - MA,2020,6000.0,48.0
2102606,Cândido Mendes - MA,2021,6215.0,99.0
2102606,Cândido Mendes - MA,2022,6712.0,114.0
2102606,Cândido Mendes - MA,2023,7100.0,85.0
2102606,Cândido Mendes - MA,2024,7685.0,96.0
2103752,Davinópolis - MA,2008,150.0,2.0
2103752,Davinópolis - MA,2009,142.0,2.0
2103752,Davinópolis - MA,2010,66.0,1.0
2103752,Davinópolis - MA,2011,112.0,1.0
2104057,Estreito - MA,2004,500.0,2.0
2104057,Estreito - MA,2005,400.0,2.0
2104057,Estreito - MA,2006,450.0,5.0
2104057,Estreito - MA,2007,220.0,4.0
2104057,Estreito - MA,2013,700.0,14.0
2104057,Estreito - MA,2014,750.0,10.0
2104057,Estreito - MA,2015,825.0,17.0
2104057,Estreito - MA,2016,625.0,16.0
2104057,Estreito - MA,2017,598.0,16.0
2104057,Estreito - MA,2018,487.0,15.0
2104057,Estreito - MA,2019,503.0,15.0
2104057,Estreito - MA,2020,517.0,15.0
2104057,Estreito - MA,2021,501.0,15.0
2104057,Estreito - MA,2022,458.0,17.0
2104057,Estreito - MA,2023,421.0,16.0
2104057,Estreito - MA,2024,387.0,15.0
2104081,Fernando Falcão - MA,1997,3290.0,13.0
2104081,Fernando Falcão - MA,1998,3324.0,13.0
2104081,Fernando Falcão - MA,1999,3423.0,15.0
2104081,Fernando Falcão - MA,2000,3440.0,15.0
2104081,Fernando Falcão - MA,2001,3371.0,12.0
2104081,Fernando Falcão - MA,2002,3405.0,17.0
2104081,Fernando Falcão - MA,2003,1247.0,7.0
2104081,Fernando Falcão - MA,2004,1134.0,10.0
2104081,Fernando Falcão - MA,2005,1245.0,11.0
2104081,Fernando Falcão - MA,2006,1273.0,12.0
2104081,Fernando Falcão - MA,2007,1309.0,13.0
2104081,Fernando Falcão - MA,2008,1426.0,17.0
2104081,Fernando Falcão - MA,2009,1426.0,17.0
2104081,Fernando Falcão - MA,2010,50.0,1.0
2104081,Fernando Falcão - MA,2011,52.0,1.0
2104081,Fernando Falcão - MA,2012,50.0,1.0
2104081,Fernando Falcão - MA,2013,55.0,1.0
2104081,Fernando Falcão - MA,2014,60.0,1.0
2104081,Fernando Falcão - MA,2015,55.0,1.0
2104081,Fernando Falcão - MA,2016,40.0,1.0
2104081,Fernando Falcão - MA,2017,34.0,1.0
2104081,Fernando Falcão - MA,2018,40.0,1.0
2104081,Fernando Falcão - MA,2019,43.0,1.0
2104081,Fernando Falcão - MA,2020,40.0,1.0
2104081,Fernando Falcão - MA,2021,43.0,1.0
2104099,Formosa da Serra Negra - MA,2023,38.0,1.0
2104107,Fortaleza dos Nogueiras - MA,2008,200.0,2.0
2104107,Fortaleza dos Nogueiras - MA,2009,210.0,3.0
2104107,Fortaleza dos Nogueiras - MA,2010,207.0,3.0
2104107,Fortaleza dos Nogueiras - MA,2011,210.0,3.0
2104107,Fortaleza dos Nogueiras - MA,2012,75.0,1.0
2104107,Fortaleza dos Nogueiras - MA,2013,80.0,1.0
2104107,Fortaleza dos Nogueiras - MA,2014,65.0,1.0
2104107,Fortaleza dos Nogueiras - MA,2015,60.0,1.0
2104107,Fortaleza dos Nogueiras - MA,2016,55.0,1.0
2104206,Fortuna - MA,1997,980.0,4.0
2104206,Fortuna - MA,1998,991.0,8.0
2104206,Fortuna - MA,1999,1021.0,6.0
2104206,Fortuna - MA,2000,1045.0,6.0
2104206,Fortuna - MA,2002,1097.0,5.0
2104206,Fortuna - MA,2003,1110.0,6.0
2104206,Fortuna - MA,2004,1103.0,7.0
2104206,Fortuna - MA,2005,1120.0,9.0
2104206,Fortuna - MA,2006,1139.0,10.0
2104305,Godofredo Viana - MA,2001,1920.0,10.0
2104305,Godofredo Viana - MA,2002,2070.0,9.0
2104305,Godofredo Viana - MA,2003,5650.0,25.0
2104305,Godofredo Viana - MA,2004,7345.0,26.0
2104305,Godofredo Viana - MA,2005,7491.0,19.0
2104305,Godofredo Viana - MA,2006,7734.0,27.0
2104305,Godofredo Viana - MA,2007,7347.0,17.0
2104305,Godofredo Viana - MA,2008,3118.0,9.0
2104305,Godofredo Viana - MA,2009,3024.0,16.0
2104305,Godofredo Viana - MA,2010,3195.0,13.0
2104305,Godofredo Viana - MA,2011,2850.0,14.0
2104305,Godofredo Viana - MA,2012,2650.0,15.0
2104305,Godofredo Viana - MA,2013,2584.0,14.0
2104305,Godofredo Viana - MA,2014,2635.0,21.0
2104305,Godofredo Viana - MA,2015,2195.0,18.0
2104305,Godofredo Viana - MA,2016,2625.0,30.0
2104305,Godofredo Viana - MA,2017,2857.0,34.0
2104305,Godofredo Viana - MA,2018,2904.0,30.0
2104305,Godofredo Viana - MA,2019,2890.0,25.0
2104305,Godofredo Viana - MA,2020,3150.0,28.0
2104305,Godofredo Viana - MA,2021,2863.0,46.0
2104305,Godofredo Viana - MA,2022,3119.0,53.0
2104305,Godofredo Viana - MA,2023,3450.0,38.0
2104305,Godofredo Viana - MA,2024,3953.0,51.0
2104404,Gonçalves Dias - MA,2001,170.0,1.0
2104404,Gonçalves Dias - MA,2002,170.0,1.0
2104404,Gonçalves Dias - MA,2003,150.0,1.0
2104404,Gonçalves Dias - MA,2004,151.0,2.0
2104404,Gonçalves Dias - MA,2005,153.0,2.0
2104552,Governador Edison Lobão - MA,2004,90.0,1.0
2104552,Governador Edison Lobão - MA,2005,975.0,10.0
2104552,Governador Edison Lobão - MA,2006,950.0,10.0
2104552,Governador Edison Lobão - MA,2007,280.0,3.0
2104552,Governador Edison Lobão - MA,2008,350.0,4.0
2104552,Governador Edison Lobão - MA,2009,105.0,1.0
2104552,Governador Edison Lobão - MA,2019,28.0,1.0
2104552,Governador Edison Lobão - MA,2020,25.0,1.0
2104552,Governador Edison Lobão - MA,2021,550.0,15.0
2104552,Governador Edison Lobão - MA,2022,440.0,15.0
2104552,Governador Edison Lobão - MA,2023,397.0,15.0
2104552,Governador Edison Lobão - MA,2024,420.0,17.0
2104628,Governador Luiz Rocha - MA,2011,520.0,8.0
2104628,Governador Luiz Rocha - MA,2012,52.0,1.0
2104628,Governador Luiz Rocha - MA,2013,43.0,1.0
2104628,Governador Luiz Rocha - MA,2014,61.0,1.0
2104628,Governador Luiz Rocha - MA,2015,260.0,5.0
2104628,Governador Luiz Rocha - MA,2016,285.0,5.0
2104628,Governador Luiz Rocha - MA,2017,280.0,6.0
2104628,Governador Luiz Rocha - MA,2018,230.0,4.0
2104677,Governador Nunes Freire - MA,2002,315.0,1.0
2104677,Governador Nunes Freire - MA,2003,706.0,3.0
2104677,Governador Nunes Freire - MA,2004,1800.0,6.0
2104677,Governador Nunes Freire - MA,2005,12000.0,30.0
2104677,Governador Nunes Freire - MA,2006,11400.0,46.0
2104677,Governador Nunes Freire - MA,2007,10830.0,31.0
2104677,Governador Nunes Freire - MA,2008,15000.0,41.0
2104677,Governador Nunes Freire - MA,2009,13500.0,74.0
2104677,Governador Nunes Freire - MA,2010,72800.0,306.0
2104677,Governador Nunes Freire - MA,2011,71708.0,323.0
2104677,Governador Nunes Freire - MA,2012,70058.0,343.0
2104677,Governador Nunes Freire - MA,2013,71709.0,394.0
2104677,Governador Nunes Freire - MA,2014,75200.0,451.0
2104677,Governador Nunes Freire - MA,2015,106718.0,1003.0
2104677,Governador Nunes Freire - MA,2016,123285.0,1356.0
2104677,Governador Nunes Freire - MA,2017,134381.0,1411.0
2104677,Governador Nunes Freire - MA,2018,155395.0,1321.0
2104677,Governador Nunes Freire - MA,2019,160320.0,1347.0
2104677,Governador Nunes Freire - MA,2020,170680.0,1536.0
2104677,Governador Nunes Freire - MA,2021,175288.0,2629.0
2104677,Governador Nunes Freire - MA,2022,177829.0,2934.0
2104677,Governador Nunes Freire - MA,2023,170520.0,2097.0
2104677,Governador Nunes Freire - MA,2024,169580.0,2205.0
2104800,Grajaú - MA,2023,745.0,24.0
2104800,Grajaú - MA,2024,2102.0,69.0
2105005,Humberto de Campos - MA,2019,2000.0,21.0
2105005,Humberto de Campos - MA,2020,2150.0,21.0
2105005,Humberto de Campos - MA,2021,2270.0,23.0
2105005,Humberto de Campos - MA,2022,2390.0,26.0
2105005,Humberto de Campos - MA,2023,2590.0,34.0
2105005,Humberto de Campos - MA,2024,7000.0,175.0
2105302,Imperatriz - MA,2004,105.0,1.0
2105302,Imperatriz - MA,2005,3032.0,30.0
2105302,Imperatriz - MA,2006,5412.0,57.0
2105302,Imperatriz - MA,2007,4425.0,71.0
2105302,Imperatriz - MA,2008,4134.0,63.0
2105302,Imperatriz - MA,2009,3278.0,57.0
2105302,Imperatriz - MA,2010,4552.0,66.0
2105302,Imperatriz - MA,2011,3621.0,54.0
2105302,Imperatriz - MA,2012,1553.0,38.0
2105302,Imperatriz - MA,2013,1490.0,37.0
2105302,Imperatriz - MA,2014,1456.0,32.0
2105302,Imperatriz - MA,2015,747.0,21.0
2105302,Imperatriz - MA,2016,921.0,26.0
2105302,Imperatriz - MA,2017,245.0,18.0
2105302,Imperatriz - MA,2018,723.0,24.0
2105302,Imperatriz - MA,2019,349.0,9.0
2105302,Imperatriz - MA,2020,285.0,6.0
2105302,Imperatriz - MA,2021,265.0,7.0
2105302,Imperatriz - MA,2022,249.0,7.0
2105302,Imperatriz - MA,2023,777.0,26.0
2105302,Imperatriz - MA,2024,820.0,28.0
2105351,Itaipava do Grajaú - MA,2001,900.0,3.0
2105351,Itaipava do Grajaú - MA,2002,977.0,4.0
2105351,Itaipava do Grajaú - MA,2003,795.0,4.0
2105351,Itaipava do Grajaú - MA,2004,807.0,5.0
2105351,Itaipava do Grajaú - MA,2005,780.0,5.0
2105351,Itaipava do Grajaú - MA,2006,795.0,5.0
2105351,Itaipava do Grajaú - MA,2007,1010.0,10.0
2105351,Itaipava do Grajaú - MA,2008,1085.0,13.0
2105351,Itaipava do Grajaú - MA,2022,248.0,6.0
2105351,Itaipava do Grajaú - MA,2023,120.0,4.0
2105351,Itaipava do Grajaú - MA,2024,240.0,8.0
2105450,Jatobá - MA,2016,350.0,4.0
2105450,Jatobá - MA,2017,290.0,3.0
2105450,Jatobá - MA,2018,265.0,3.0
2105450,Jatobá - MA,2022,815.0,13.0
2105476,Jenipapo dos Vieiras - MA,1997,972.0,4.0
2105476,Jenipapo dos Vieiras - MA,1998,980.0,8.0
2105476,Jenipapo dos Vieiras - MA,1999,995.0,5.0
2105476,Jenipapo dos Vieiras - MA,2000,998.0,5.0
2105476,Jenipapo dos Vieiras - MA,2001,675.0,3.0
2105476,Jenipapo dos Vieiras - MA,2002,695.0,3.0
2105476,Jenipapo dos Vieiras - MA,2003,670.0,4.0
2105476,Jenipapo dos Vieiras - MA,2004,630.0,5.0
2105476,Jenipapo dos Vieiras - MA,2005,610.0,5.0
2105476,Jenipapo dos Vieiras - MA,2006,632.0,6.0
2105476,Jenipapo dos Vieiras - MA,2007,681.0,7.0
2105476,Jenipapo dos Vieiras - MA,2008,715.0,9.0
2105476,Jenipapo dos Vieiras - MA,2009,754.0,10.0
2105476,Jenipapo dos Vieiras - MA,2010,759.0,10.0
2105476,Jenipapo dos Vieiras - MA,2011,750.0,11.0
2105476,Jenipapo dos Vieiras - MA,2012,780.0,12.0
2105476,Jenipapo dos Vieiras - MA,2013,788.0,13.0
2105476,Jenipapo dos Vieiras - MA,2014,700.0,11.0
2105476,Jenipapo dos Vieiras - MA,2015,680.0,11.0
2105476,Jenipapo dos Vieiras - MA,2016,578.0,10.0
2105476,Jenipapo dos Vieiras - MA,2017,347.0,7.0
2105476,Jenipapo dos Vieiras - MA,2018,340.0,8.0
2105476,Jenipapo dos Vieiras - MA,2019,315.0,7.0
2105476,Jenipapo dos Vieiras - MA,2020,330.0,6.0
2105476,Jenipapo dos Vieiras - MA,2021,340.0,6.0
2105500,João Lisboa - MA,2010,75.0,1.0
2105500,João Lisboa - MA,2011,270.0,4.0
2105500,João Lisboa - MA,2012,90.0,1.0
2105500,João Lisboa - MA,2013,90.0,1.0
2105500,João Lisboa - MA,2014,105.0,2.0
2105500,João Lisboa - MA,2015,70.0,1.0
2105500,João Lisboa - MA,2018,57.0,1.0
2105500,João Lisboa - MA,2019,60.0,1.0
2105500,João Lisboa - MA,2020,62.0,1.0
2105500,João Lisboa - MA,2024,300.0,11.0
2105658,Junco do Maranhão - MA,1999,2000.0,7.0
2105658,Junco do Maranhão - MA,2000,8000.0,20.0
2105658,Junco do Maranhão - MA,2001,8520.0,32.0
2105658,Junco do Maranhão - MA,2002,8000.0,28.0
2105658,Junco do Maranhão - MA,2003,17076.0,74.0
2105658,Junco do Maranhão - MA,2004,26799.0,94.0
2105658,Junco do Maranhão - MA,2005,27579.0,68.0
2105658,Junco do Maranhão - MA,2006,26926.0,94.0
2105658,Junco do Maranhão - MA,2007,25579.0,73.0
2105658,Junco do Maranhão - MA,2008,35000.0,95.0
2105658,Junco do Maranhão - MA,2009,33250.0,183.0
2105658,Junco do Maranhão - MA,2010,100800.0,423.0
2105658,Junco do Maranhão - MA,2011,103017.0,464.0
2105658,Junco do Maranhão - MA,2012,98072.0,471.0
2105658,Junco do Maranhão - MA,2013,99125.0,496.0
2105658,Junco do Maranhão - MA,2014,108000.0,626.0
2105658,Junco do Maranhão - MA,2015,105840.0,953.0
2105658,Junco do Maranhão - MA,2016,133725.0,1471.0
2105658,Junco do Maranhão - MA,2017,151372.0,1514.0
2105658,Junco do Maranhão - MA,2018,181110.0,1485.0
2105658,Junco do Maranhão - MA,2019,197350.0,1658.0
2105658,Junco do Maranhão - MA,2020,210980.0,1899.0
2105658,Junco do Maranhão - MA,2021,197425.0,3258.0
2105658,Junco do Maranhão - MA,2022,207691.0,2908.0
2105658,Junco do Maranhão - MA,2023,208600.0,2503.0
2105658,Junco do Maranhão - MA,2024,175187.0,2277.0
2105989,Lajeado Novo - MA,2005,300.0,2.0
2105989,Lajeado Novo - MA,2006,350.0,4.0
2105989,Lajeado Novo - MA,2007,210.0,3.0
2105989,Lajeado Novo - MA,2008,57.0,1.0
2105989,Lajeado Novo - MA,2009,37.0,0.0
2106201,Luís Domingues - MA,2002,480.0,2.0
2106201,Luís Domingues - MA,2003,5622.0,24.0
2106201,Luís Domingues - MA,2004,7308.0,25.0
2106201,Luís Domingues - MA,2005,7673.0,21.0
2106201,Luís Domingues - MA,2006,7554.0,21.0
2106201,Luís Domingues - MA,2007,7176.0,18.0
2106201,Luís Domingues - MA,2008,6850.0,21.0
2106201,Luís Domingues - MA,2009,6508.0,35.0
2106201,Luís Domingues - MA,2010,6935.0,31.0
2106201,Luís Domingues - MA,2011,7059.0,32.0
2106201,Luís Domingues - MA,2012,6589.0,34.0
2106201,Luís Domingues - MA,2013,6648.0,37.0
2106201,Luís Domingues - MA,2014,6728.0,46.0
2106201,Luís Domingues - MA,2015,6929.0,55.0
2106201,Luís Domingues - MA,2016,7587.0,83.0
2106201,Luís Domingues - MA,2017,7992.0,96.0
2106201,Luís Domingues - MA,2018,6523.0,68.0
2106201,Luís Domingues - MA,2019,6815.0,60.0
2106201,Luís Domingues - MA,2020,7200.0,65.0
2106201,Luís Domingues - MA,2021,6850.0,103.0
2106201,Luís Domingues - MA,2022,7432.0,115.0
2106201,Luís Domingues - MA,2023,7950.0,95.0
2106201,Luís Domingues - MA,2024,6879.0,89.0
2106326,Maracaçumé - MA,1999,468.0,2.0
2106326,Maracaçumé - MA,2000,3500.0,9.0
2106326,Maracaçumé - MA,2001,3610.0,13.0
2106326,Maracaçumé - MA,2002,3682.0,13.0
2106326,Maracaçumé - MA,2003,6981.0,31.0
2106326,Maracaçumé - MA,2004,28377.0,96.0
2106326,Maracaçumé - MA,2005,26106.0,65.0
2106326,Maracaçumé - MA,2006,24880.0,87.0
2106326,Maracaçumé - MA,2007,24133.0,69.0
2106326,Maracaçumé - MA,2008,29500.0,83.0
2106326,Maracaçumé - MA,2009,28025.0,147.0
2106326,Maracaçumé - MA,2010,51240.0,215.0
2106326,Maracaçumé - MA,2011,52214.0,235.0
2106326,Maracaçumé - MA,2012,86212.0,376.0
2106326,Maracaçumé - MA,2013,89143.0,464.0
2106326,Maracaçumé - MA,2014,85348.0,529.0
2106326,Maracaçumé - MA,2015,142372.0,1175.0
2106326,Maracaçumé - MA,2016,167145.0,1839.0
2106326,Maracaçumé - MA,2017,200055.0,2001.0
2106326,Maracaçumé - MA,2018,307620.0,2922.0
2106326,Maracaçumé - MA,2019,330810.0,2977.0
2106326,Maracaçumé - MA,2020,340125.0,3129.0
2106326,Maracaçumé - MA,2021,345274.0,5524.0
2106326,Maracaçumé - MA,2022,360811.0,5412.0
2106326,Maracaçumé - MA,2023,295800.0,3579.0
2106326,Maracaçumé - MA,2024,241698.0,3142.0
2106375,Maranhãozinho - MA,2002,315.0,1.0
2106375,Maranhãozinho - MA,2003,4622.0,22.0
2106375,Maranhãozinho - MA,2004,25400.0,89.0
2106375,Maranhãozinho - MA,2005,24892.0,60.0
2106375,Maranhãozinho - MA,2006,23981.0,62.0
2106375,Maranhãozinho - MA,2007,31753.0,73.0
2106375,Maranhãozinho - MA,2008,82255.0,214.0
2106375,Maranhãozinho - MA,2009,78142.0,375.0
2106375,Maranhãozinho - MA,2010,222250.0,956.0
2106375,Maranhãozinho - MA,2011,224252.0,1009.0
2106375,Maranhãozinho - MA,2012,220215.0,1079.0
2106375,Maranhãozinho - MA,2013,225060.0,1238.0
2106375,Maranhãozinho - MA,2014,238110.0,1548.0
2106375,Maranhãozinho - MA,2015,259519.0,1739.0
2106375,Maranhãozinho - MA,2016,288870.0,2311.0
2106375,Maranhãozinho - MA,2017,292870.0,2929.0
2106375,Maranhãozinho - MA,2018,241561.0,2053.0
2106375,Maranhãozinho - MA,2019,253012.0,2227.0
2106375,Maranhãozinho - MA,2020,279320.0,2514.0
2106375,Maranhãozinho - MA,2021,265472.0,3982.0
2106375,Maranhãozinho - MA,2022,278845.0,3904.0
2106375,Maranhãozinho - MA,2023,269638.0,3236.0
2106375,Maranhãozinho - MA,2024,398374.0,5179.0
2106409,Mata Roma - MA,1999,360.0,1.0
2106409,Mata Roma - MA,2000,392.0,2.0
2106409,Mata Roma - MA,2001,450.0,2.0
2106409,Mata Roma - MA,2002,500.0,4.0
2106409,Mata Roma - MA,2003,650.0,7.0
2106409,Mata Roma - MA,2004,750.0,9.0
2106409,Mata Roma - MA,2005,650.0,10.0
2106409,Mata Roma - MA,2006,600.0,7.0
2106409,Mata Roma - MA,2007,680.0,10.0
2106409,Mata Roma - MA,2008,750.0,11.0
2106409,Mata Roma - MA,2009,800.0,13.0
2106409,Mata Roma - MA,2010,850.0,15.0
2106409,Mata Roma - MA,2011,870.0,23.0
2106409,Mata Roma - MA,2012,900.0,16.0
2106409,Mata Roma - MA,2013,1100.0,24.0
2106409,Mata Roma - MA,2014,1150.0,22.0
2106409,Mata Roma - MA,2015,930.0,17.0
2106409,Mata Roma - MA,2016,800.0,15.0
2106409,Mata Roma - MA,2017,300.0,7.0
2106607,Matões - MA,2017,39250.0,451.0
2106607,Matões - MA,2018,33362.0,399.0
2106607,Matões - MA,2019,30120.0,361.0
2106607,Matões - MA,2020,29950.0,374.0
2106607,Matões - MA,2021,7487.0,97.0
2106607,Matões - MA,2022,5615.0,124.0
2106607,Matões - MA,2023,3930.0,98.0
2106607,Matões - MA,2024,3772.0,106.0
2106706,Mirador - MA,1997,879.0,4.0
2106706,Mirador - MA,1998,887.0,4.0
2106706,Mirador - MA,1999,891.0,4.0
2106706,Mirador - MA,2000,905.0,4.0
2106706,Mirador - MA,2010,400.0,8.0
2106706,Mirador - MA,2011,370.0,7.0
2106706,Mirador - MA,2012,395.0,8.0
2106706,Mirador - MA,2013,420.0,9.0
2106706,Mirador - MA,2014,480.0,9.0
2106706,Mirador - MA,2015,512.0,9.0
2106706,Mirador - MA,2016,491.0,10.0
2106706,Mirador - MA,2017,442.0,9.0
2106706,Mirador - MA,2018,527.0,10.0
2106706,Mirador - MA,2019,493.0,10.0
2106706,Mirador - MA,2020,480.0,9.0
2106706,Mirador - MA,2021,393.0,9.0
2106706,Mirador - MA,2022,370.0,8.0
2106706,Mirador - MA,2023,325.0,8.0
2106706,Mirador - MA,2024,191.0,5.0
2107001,Montes Altos - MA,2023,617.0,21.0
2107001,Montes Altos - MA,2024,1305.0,46.0
2107100,Morros - MA,2009,5000.0,40.0
2107100,Morros - MA,2010,5100.0,51.0
2107100,Morros - MA,2011,5200.0,57.0
2107100,Morros - MA,2012,5350.0,75.0
2107100,Morros - MA,2013,5390.0,81.0
2107100,Morros - MA,2014,5570.0,84.0
2107100,Morros - MA,2015,5681.0,85.0
2107100,Morros - MA,2016,5595.0,106.0
2107100,Morros - MA,2017,6154.0,154.0
2107100,Morros - MA,2018,4308.0,69.0
2107100,Morros - MA,2019,4630.0,69.0
2107100,Morros - MA,2020,5080.0,70.0
2107100,Morros - MA,2021,6050.0,85.0
2107100,Morros - MA,2022,6425.0,96.0
2107100,Morros - MA,2023,6760.0,115.0
2107100,Morros - MA,2024,8100.0,162.0
2107357,Nova Olinda do Maranhão - MA,2000,4565.0,11.0
2107357,Nova Olinda do Maranhão - MA,2001,4633.0,13.0
2107357,Nova Olinda do Maranhão - MA,2002,12000.0,48.0
2107357,Nova Olinda do Maranhão - MA,2003,5096.0,20.0
2107357,Nova Olinda do Maranhão - MA,2004,59161.0,198.0
2107357,Nova Olinda do Maranhão - MA,2005,60935.0,158.0
2107357,Nova Olinda do Maranhão - MA,2006,59716.0,161.0
2107357,Nova Olinda do Maranhão - MA,2007,56730.0,113.0
2107357,Nova Olinda do Maranhão - MA,2008,71600.0,165.0
2107357,Nova Olinda do Maranhão - MA,2009,65156.0,339.0
2107357,Nova Olinda do Maranhão - MA,2010,110420.0,453.0
2107357,Nova Olinda do Maranhão - MA,2011,112076.0,504.0
2107357,Nova Olinda do Maranhão - MA,2012,110897.0,532.0
2107357,Nova Olinda do Maranhão - MA,2013,116957.0,643.0
2107357,Nova Olinda do Maranhão - MA,2014,117542.0,764.0
2107357,Nova Olinda do Maranhão - MA,2015,106120.0,849.0
2107357,Nova Olinda do Maranhão - MA,2016,118136.0,1299.0
2107357,Nova Olinda do Maranhão - MA,2017,237229.0,2372.0
2107357,Nova Olinda do Maranhão - MA,2018,222995.0,3010.0
2107357,Nova Olinda do Maranhão - MA,2019,224568.0,3369.0
2107357,Nova Olinda do Maranhão - MA,2020,223987.0,3808.0
2107357,Nova Olinda do Maranhão - MA,2021,228466.0,5483.0
2107357,Nova Olinda do Maranhão - MA,2022,224875.0,5847.0
2107357,Nova Olinda do Maranhão - MA,2023,230456.0,1867.0
2107357,Nova Olinda do Maranhão - MA,2024,200560.0,2240.0
2107605,Palmeirândia - MA,1995,489.0,2.0
2107605,Palmeirândia - MA,1997,442.0,2.0
2107605,Palmeirândia - MA,1998,380.0,3.0
2107803,Parnarama - MA,2017,48350.0,508.0
2107803,Parnarama - MA,2018,38970.0,429.0
2107803,Parnarama - MA,2019,37750.0,434.0
2107803,Parnarama - MA,2020,37032.0,444.0
2107803,Parnarama - MA,2021,11109.0,150.0
2107803,Parnarama - MA,2022,10442.0,209.0
2107803,Parnarama - MA,2023,9606.0,240.0
2107803,Parnarama - MA,2024,8357.0,234.0
2107506,Paço do Lumiar - MA,2006,1500.0,12.0
2107506,Paço do Lumiar - MA,2007,1650.0,15.0
2107506,Paço do Lumiar - MA,2008,1510.0,15.0
2107506,Paço do Lumiar - MA,2009,1500.0,15.0
2107506,Paço do Lumiar - MA,2010,1450.0,15.0
2107506,Paço do Lumiar - MA,2011,1520.0,15.0
2107506,Paço do Lumiar - MA,2012,1440.0,14.0
2107506,Paço do Lumiar - MA,2013,1330.0,27.0
2107506,Paço do Lumiar - MA,2014,1250.0,23.0
2107506,Paço do Lumiar - MA,2015,1275.0,24.0
2107506,Paço do Lumiar - MA,2016,1225.0,23.0
2108256,Pedro do Rosário - MA,2017,1020.0,14.0
2108256,Pedro do Rosário - MA,2018,1040.0,17.0
2108256,Pedro do Rosário - MA,2019,1061.0,18.0
2108256,Pedro do Rosário - MA,2020,1066.0,18.0
2108256,Pedro do Rosário - MA,2021,1081.0,19.0
2108256,Pedro do Rosário - MA,2022,1103.0,19.0
2108256,Pedro do Rosário - MA,2023,1125.0,7.0
2108256,Pedro do Rosário - MA,2024,1159.0,12.0
2108405,Peri Mirim - MA,1995,110.0,0.0
2108405,Peri Mirim - MA,2008,1000.0,12.0
2108405,Peri Mirim - MA,2009,995.0,12.0
2108405,Peri Mirim - MA,2010,1085.0,16.0
2108405,Peri Mirim - MA,2011,1095.0,14.0
2108405,Peri Mirim - MA,2012,1117.0,20.0
2108405,Peri Mirim - MA,2013,1133.0,23.0
2108405,Peri Mirim - MA,2014,1139.0,24.0
2108405,Peri Mirim - MA,2015,1185.0,22.0
2108405,Peri Mirim - MA,2016,1190.0,22.0
2108405,Peri Mirim - MA,2017,1201.0,23.0
2108405,Peri Mirim - MA,2018,1153.0,21.0
2108405,Peri Mirim - MA,2019,1130.0,20.0
2108405,Peri Mirim - MA,2020,1143.0,21.0
2108405,Peri Mirim - MA,2021,1164.0,22.0
2108405,Peri Mirim - MA,2022,1181.0,31.0
2108405,Peri Mirim - MA,2023,1199.0,34.0
2108405,Peri Mirim - MA,2024,1220.0,37.0
2108603,Pinheiro - MA,1995,80.0,0.0
2108603,Pinheiro - MA,1996,50.0,0.0
2108603,Pinheiro - MA,1997,1060.0,7.0
2108603,Pinheiro - MA,1998,1160.0,9.0
2108603,Pinheiro - MA,1999,65.0,1.0
2108603,Pinheiro - MA,2000,66.0,1.0
2108603,Pinheiro - MA,2001,64.0,1.0
2108603,Pinheiro - MA,2002,67.0,0.0
2108603,Pinheiro - MA,2003,67.0,1.0
2108603,Pinheiro - MA,2004,80.0,1.0
2108603,Pinheiro - MA,2005,100.0,1.0
2109007,Porto Franco - MA,2004,2500.0,10.0
2109007,Porto Franco - MA,2005,1800.0,11.0
2109007,Porto Franco - MA,2006,1900.0,19.0
2109007,Porto Franco - MA,2007,912.0,15.0
2109205,Presidente Juscelino - MA,2003,4300.0,22.0
2109205,Presidente Juscelino - MA,2004,4515.0,27.0
2109205,Presidente Juscelino - MA,2005,3800.0,27.0
2109205,Presidente Juscelino - MA,2006,3860.0,39.0
2109205,Presidente Juscelino - MA,2007,3980.0,40.0
2109205,Presidente Juscelino - MA,2008,3810.0,42.0
2109205,Presidente Juscelino - MA,2009,4000.0,44.0
2109205,Presidente Juscelino - MA,2010,4100.0,49.0
2109205,Presidente Juscelino - MA,2011,4305.0,56.0
2109205,Presidente Juscelino - MA,2012,4370.0,61.0
2109205,Presidente Juscelino - MA,2013,4390.0,66.0
2109205,Presidente Juscelino - MA,2014,4570.0,69.0
2109205,Presidente Juscelino - MA,2015,4707.0,71.0
2109205,Presidente Juscelino - MA,2016,4612.0,69.0
2109205,Presidente Juscelino - MA,2017,6230.0,125.0
2109205,Presidente Juscelino - MA,2018,6374.0,121.0
2109205,Presidente Juscelino - MA,2019,6627.0,116.0
2109205,Presidente Juscelino - MA,2020,7030.0,95.0
2109205,Presidente Juscelino - MA,2021,8264.0,116.0
2109205,Presidente Juscelino - MA,2022,8795.0,132.0
2109205,Presidente Juscelino - MA,2023,9240.0,157.0
2109205,Presidente Juscelino - MA,2024,10380.0,208.0
2109239,Presidente Médici - MA,2000,2500.0,6.0
2109239,Presidente Médici - MA,2001,2548.0,9.0
2109239,Presidente Médici - MA,2002,2420.0,9.0
2109239,Presidente Médici - MA,2003,2675.0,12.0
2109239,Presidente Médici - MA,2004,2800.0,10.0
2109239,Presidente Médici - MA,2005,3000.0,8.0
2109239,Presidente Médici - MA,2006,3069.0,11.0
2109239,Presidente Médici - MA,2007,3100.0,7.0
2109239,Presidente Médici - MA,2008,3255.0,9.0
2109239,Presidente Médici - MA,2010,4230.0,17.0
2109239,Presidente Médici - MA,2011,4378.0,20.0
2109239,Presidente Médici - MA,2012,4327.0,21.0
2109239,Presidente Médici - MA,2013,4545.0,23.0
2109239,Presidente Médici - MA,2014,3998.0,22.0
2109239,Presidente Médici - MA,2015,4110.0,36.0
2109239,Presidente Médici - MA,2016,6414.0,61.0
2109239,Presidente Médici - MA,2017,6485.0,65.0
2109239,Presidente Médici - MA,2018,7555.0,64.0
2109239,Presidente Médici - MA,2019,7800.0,66.0
2109239,Presidente Médici - MA,2020,9200.0,83.0
2109239,Presidente Médici - MA,2021,10124.0,162.0
2109239,Presidente Médici - MA,2022,10632.0,154.0
2109239,Presidente Médici - MA,2023,170520.0,2046.0
2109239,Presidente Médici - MA,2024,201832.0,2624.0
2109270,Presidente Sarney - MA,2004,3500.0,16.0
2109270,Presidente Sarney - MA,2005,3525.0,18.0
2109270,Presidente Sarney - MA,2006,3529.0,28.0
2109270,Presidente Sarney - MA,2007,3599.0,29.0
2109270,Presidente Sarney - MA,2010,7000.0,32.0
2109270,Presidente Sarney - MA,2011,7070.0,71.0
2109270,Presidente Sarney - MA,2012,7141.0,107.0
2109270,Presidente Sarney - MA,2013,7212.0,137.0
2109270,Presidente Sarney - MA,2014,7248.0,145.0
2109270,Presidente Sarney - MA,2015,7465.0,142.0
2109270,Presidente Sarney - MA,2016,7614.0,137.0
2109270,Presidente Sarney - MA,2017,7766.0,144.0
2109270,Presidente Sarney - MA,2018,8255.0,155.0
2109270,Presidente Sarney - MA,2019,8273.0,157.0
2109270,Presidente Sarney - MA,2020,8521.0,166.0
2109270,Presidente Sarney - MA,2021,8691.0,170.0
2109270,Presidente Sarney - MA,2022,8865.0,175.0
2109270,Presidente Sarney - MA,2023,9042.0,214.0
2109270,Presidente Sarney - MA,2024,9349.0,234.0
2109452,Raposa - MA,2006,720.0,6.0
2109452,Raposa - MA,2007,800.0,8.0
2109452,Raposa - MA,2008,740.0,8.0
2109452,Raposa - MA,2009,750.0,8.0
2109452,Raposa - MA,2010,720.0,7.0
2109452,Raposa - MA,2011,750.0,8.0
2109452,Raposa - MA,2012,690.0,7.0
2109452,Raposa - MA,2013,660.0,13.0
2109452,Raposa - MA,2014,620.0,11.0
2109452,Raposa - MA,2015,627.0,12.0
2109452,Raposa - MA,2016,602.0,11.0
2109551,Ribamar Fiquene - MA,2008,240.0,2.0
2109551,Ribamar Fiquene - MA,2009,300.0,4.0
2109601,Rosário - MA,2024,13000.0,195.0
2109809,Santa Helena - MA,2004,9500.0,59.0
2109809,Santa Helena - MA,2005,9453.0,61.0
2109809,Santa Helena - MA,2006,9405.0,61.0
2109809,Santa Helena - MA,2007,8935.0,58.0
2109809,Santa Helena - MA,2008,9114.0,137.0
2109809,Santa Helena - MA,2009,3150.0,21.0
2109809,Santa Helena - MA,2010,3465.0,20.0
2109809,Santa Helena - MA,2011,3534.0,35.0
2109809,Santa Helena - MA,2012,3587.0,54.0
2109809,Santa Helena - MA,2013,3695.0,74.0
2109809,Santa Helena - MA,2014,3713.0,78.0
2109809,Santa Helena - MA,2015,3862.0,66.0
2109809,Santa Helena - MA,2016,3959.0,69.0
2109809,Santa Helena - MA,2017,4007.0,72.0
2109809,Santa Helena - MA,2018,4087.0,78.0
2109809,Santa Helena - MA,2019,4101.0,79.0
2109809,Santa Helena - MA,2020,4224.0,81.0
2109809,Santa Helena - MA,2021,4266.0,82.0
2109809,Santa Helena - MA,2022,4300.0,83.0
2109809,Santa Helena - MA,2023,4386.0,88.0
2109809,Santa Helena - MA,2024,4518.0,113.0
2110005,Santa Luzia - MA,2004,6375.0,22.0
2110039,Santa Luzia do Paruá - MA,1995,25794.0,55.0
2110039,Santa Luzia do Paruá - MA,1997,10000.0,35.0
2110039,Santa Luzia do Paruá - MA,1998,9011.0,32.0
2110039,Santa Luzia do Paruá - MA,1999,264.0,1.0
2110039,Santa Luzia do Paruá - MA,2000,93000.0,233.0
2110039,Santa Luzia do Paruá - MA,2001,91140.0,237.0
2110039,Santa Luzia do Paruá - MA,2002,90228.0,343.0
2110039,Santa Luzia do Paruá - MA,2003,135297.0,576.0
2110039,Santa Luzia do Paruá - MA,2004,148136.0,518.0
2110039,Santa Luzia do Paruá - MA,2005,149617.0,359.0
2110039,Santa Luzia do Paruá - MA,2006,157085.0,471.0
2110039,Santa Luzia do Paruá - MA,2007,141376.0,311.0
2110039,Santa Luzia do Paruá - MA,2008,295172.0,767.0
2110039,Santa Luzia do Paruá - MA,2009,280413.0,1430.0
2110039,Santa Luzia do Paruá - MA,2010,305123.0,1282.0
2110039,Santa Luzia do Paruá - MA,2011,313666.0,1411.0
2110039,Santa Luzia do Paruá - MA,2012,306138.0,1408.0
2110039,Santa Luzia do Paruá - MA,2013,311648.0,1621.0
2110039,Santa Luzia do Paruá - MA,2014,358395.0,2330.0
2110039,Santa Luzia do Paruá - MA,2015,348159.0,2785.0
2110039,Santa Luzia do Paruá - MA,2016,387327.0,3873.0
2110039,Santa Luzia do Paruá - MA,2017,451477.0,4605.0
2110039,Santa Luzia do Paruá - MA,2018,443752.0,3994.0
2110039,Santa Luzia do Paruá - MA,2019,476334.0,4239.0
2110039,Santa Luzia do Paruá - MA,2020,530200.0,4984.0
2110039,Santa Luzia do Paruá - MA,2021,497984.0,6972.0
2110039,Santa Luzia do Paruá - MA,2022,473184.0,6151.0
2110039,Santa Luzia do Paruá - MA,2023,1045050.0,12541.0
2110039,Santa Luzia do Paruá - MA,2024,1181502.0,15360.0
2111763,Senador La Rocque - MA,2006,225.0,3.0
2111763,Senador La Rocque - MA,2007,192.0,3.0
2111763,Senador La Rocque - MA,2008,575.0,6.0
2111763,Senador La Rocque - MA,2009,486.0,6.0
2111763,Senador La Rocque - MA,2010,1152.0,11.0
2111763,Senador La Rocque - MA,2011,1395.0,16.0
2111763,Senador La Rocque - MA,2012,506.0,5.0
2111763,Senador La Rocque - MA,2013,825.0,9.0
2111763,Senador La Rocque - MA,2014,1300.0,16.0
2111763,Senador La Rocque - MA,2015,750.0,11.0
2111763,Senador La Rocque - MA,2017,1017.0,17.0
2111763,Senador La Rocque - MA,2018,1050.0,25.0
2111763,Senador La Rocque - MA,2019,947.0,23.0
2111763,Senador La Rocque - MA,2020,364.0,8.0
2111763,Senador La Rocque - MA,2021,1036.0,32.0
2111763,Senador La Rocque - MA,2022,758.0,29.0
2111763,Senador La Rocque - MA,2023,930.0,24.0
2111763,Senador La Rocque - MA,2024,876.0,25.0
2110401,São Benedito do Rio Preto - MA,1999,180.0,1.0
2110401,São Benedito do Rio Preto - MA,2000,196.0,1.0
2110401,São Benedito do Rio Preto - MA,2001,482.0,2.0
2110401,São Benedito do Rio Preto - MA,2002,550.0,3.0
2110401,São Benedito do Rio Preto - MA,2003,650.0,7.0
2110401,São Benedito do Rio Preto - MA,2004,750.0,9.0
2110401,São Benedito do Rio Preto - MA,2005,800.0,9.0
2110401,São Benedito do Rio Preto - MA,2006,750.0,9.0
2110401,São Benedito do Rio Preto - MA,2007,800.0,12.0
2110401,São Benedito do Rio Preto - MA,2008,500.0,8.0
2110401,São Benedito do Rio Preto - MA,2009,600.0,10.0
2110401,São Benedito do Rio Preto - MA,2010,650.0,12.0
2110401,São Benedito do Rio Preto - MA,2011,700.0,18.0
2110401,São Benedito do Rio Preto - MA,2012,756.0,13.0
2110401,São Benedito do Rio Preto - MA,2013,800.0,18.0
2110401,São Benedito do Rio Preto - MA,2014,900.0,17.0
2110401,São Benedito do Rio Preto - MA,2015,820.0,16.0
2110401,São Benedito do Rio Preto - MA,2016,750.0,14.0
2110401,São Benedito do Rio Preto - MA,2017,90.0,2.0
2110500,São Bento - MA,1995,5638.0,25.0
2110500,São Bento - MA,1997,640.0,4.0
2110500,São Bento - MA,1998,642.0,4.0
2110500,São Bento - MA,1999,48.0,0.0
2110500,São Bento - MA,2000,49.0,0.0
2110500,São Bento - MA,2001,50.0,0.0
2110500,São Bento - MA,2002,55.0,0.0
2110500,São Bento - MA,2003,56.0,0.0
2110500,São Bento - MA,2004,1500.0,15.0
2110500,São Bento - MA,2005,1508.0,15.0
2110500,São Bento - MA,2006,1511.0,18.0
2110500,São Bento - MA,2007,1523.0,18.0
2110500,São Bento - MA,2008,6300.0,79.0
2110500,São Bento - MA,2009,6426.0,77.0
2110500,São Bento - MA,2010,6330.0,79.0
2110500,São Bento - MA,2011,6425.0,96.0
2110500,São Bento - MA,2012,3587.0,54.0
2110500,São Bento - MA,2013,3946.0,79.0
2110500,São Bento - MA,2014,3926.0,86.0
2110500,São Bento - MA,2015,4122.0,66.0
2110500,São Bento - MA,2016,4081.0,68.0
2110500,São Bento - MA,2017,4061.0,69.0
2110500,São Bento - MA,2018,3857.0,67.0
2110500,São Bento - MA,2019,3780.0,68.0
2110500,São Bento - MA,2020,3753.0,69.0
2110500,São Bento - MA,2021,3791.0,72.0
2110500,São Bento - MA,2022,3810.0,99.0
2110500,São Bento - MA,2023,3910.0,106.0
2110500,São Bento - MA,2024,3950.0,109.0
2110708,São Domingos do Maranhão - MA,2021,300.0,4.0
2110708,São Domingos do Maranhão - MA,2022,490.0,7.0
2110708,São Domingos do Maranhão - MA,2023,2250.0,37.0
2110708,São Domingos do Maranhão - MA,2024,3600.0,50.0
2110856,São Francisco do Brejão - MA,2014,187.0,4.0
2110856,São Francisco do Brejão - MA,2015,177.0,7.0
2110856,São Francisco do Brejão - MA,2016,14.0,0.0
2110856,São Francisco do Brejão - MA,2017,100.0,6.0
2111201,São José de Ribamar - MA,2006,800.0,6.0
2111201,São José de Ribamar - MA,2007,810.0,7.0
2111201,São José de Ribamar - MA,2008,615.0,6.0
2111201,São José de Ribamar - MA,2009,620.0,6.0
2111201,São José de Ribamar - MA,2010,650.0,7.0
2111201,São José de Ribamar - MA,2011,680.0,7.0
2111201,São José de Ribamar - MA,2012,650.0,7.0
2111201,São José de Ribamar - MA,2013,620.0,12.0
2111201,São José de Ribamar - MA,2014,610.0,11.0
2111201,São José de Ribamar - MA,2015,605.0,11.0
2111201,São José de Ribamar - MA,2016,582.0,11.0
2111003,São João Batista - MA,1995,218.0,0.0
2111003,São João Batista - MA,1996,221.0,1.0
2111003,São João Batista - MA,1997,984.0,4.0
2111003,São João Batista - MA,1998,987.0,4.0
2111003,São João Batista - MA,1999,1000.0,6.0
2111003,São João Batista - MA,2000,974.0,5.0
2111003,São João Batista - MA,2002,11891.0,48.0
2111003,São João Batista - MA,2003,67000.0,335.0
2111003,São João Batista - MA,2004,61000.0,214.0
2111003,São João Batista - MA,2005,55000.0,132.0
2111003,São João Batista - MA,2006,60000.0,127.0
2111003,São João Batista - MA,2007,57000.0,143.0
2111003,São João Batista - MA,2008,51585.0,155.0
2111003,São João Batista - MA,2009,47458.0,161.0
2111003,São João Batista - MA,2010,37966.0,140.0
2111003,São João Batista - MA,2011,5889.0,24.0
2111003,São João Batista - MA,2012,5418.0,27.0
2111003,São João Batista - MA,2013,6126.0,37.0
2111003,São João Batista - MA,2014,6493.0,52.0
2111003,São João Batista - MA,2015,6753.0,68.0
2111003,São João Batista - MA,2016,116100.0,1045.0
2111003,São João Batista - MA,2017,264480.0,2579.0
2111003,São João Batista - MA,2018,138330.0,1107.0
2111003,São João Batista - MA,2019,145800.0,1239.0
2111003,São João Batista - MA,2020,140100.0,1401.0
2111003,São João Batista - MA,2021,122500.0,1838.0
2111003,São João Batista - MA,2022,182500.0,2281.0
2111003,São João Batista - MA,2023,174580.0,1397.0
2111003,São João Batista - MA,2024,198600.0,2681.0
2111052,São João do Paraíso - MA,2005,300.0,2.0
2111052,São João do Paraíso - MA,2006,350.0,4.0
2111052,São João do Paraíso - MA,2007,170.0,3.0
2111052,São João do Paraíso - MA,2008,30.0,0.0
2111300,São Luís - MA,1995,12900.0,42.0
2111300,São Luís - MA,1997,1210.0,5.0
2111300,São Luís - MA,1998,1194.0,6.0
2111300,São Luís - MA,1999,1100.0,4.0
2111300,São Luís - MA,2000,1153.0,2.0
2111300,São Luís - MA,2001,1203.0,4.0
2111300,São Luís - MA,2002,3880.0,16.0
2111300,São Luís - MA,2003,4270.0,21.0
2111300,São Luís - MA,2004,4500.0,27.0
2111300,São Luís - MA,2005,4700.0,33.0
2111300,São Luís - MA,2006,5170.0,39.0
2111300,São Luís - MA,2007,6210.0,56.0
2111300,São Luís - MA,2008,6350.0,70.0
2111300,São Luís - MA,2009,6280.0,69.0
2111300,São Luís - MA,2010,5750.0,63.0
2111300,São Luís - MA,2011,5650.0,62.0
2111300,São Luís - MA,2012,5300.0,58.0
2111300,São Luís - MA,2013,4500.0,68.0
2111300,São Luís - MA,2014,4890.0,83.0
2111300,São Luís - MA,2015,4690.0,89.0
2111300,São Luís - MA,2016,4580.0,85.0
2111300,São Luís - MA,2017,4611.0,78.0
2111300,São Luís - MA,2018,4723.0,66.0
2111300,São Luís - MA,2019,4825.0,70.0
2111300,São Luís - MA,2020,4970.0,73.0
2111300,São Luís - MA,2021,4985.0,76.0
2111300,São Luís - MA,2022,4867.0,71.0
2111300,São Luís - MA,2023,5001.0,75.0
2111300,São Luís - MA,2024,5775.0,104.0
2111508,São Mateus do Maranhão - MA,2001,1440.0,4.0
2111532,São Pedro da Água Branca - MA,2008,165.0,2.0
2111532,São Pedro da Água Branca - MA,2009,195.0,2.0
2111607,São Raimundo das Mangabeiras - MA,2008,3800.0,38.0
2111607,São Raimundo das Mangabeiras - MA,2009,3788.0,42.0
2111607,São Raimundo das Mangabeiras - MA,2010,3712.0,45.0
2111607,São Raimundo das Mangabeiras - MA,2011,1856.0,28.0
2111607,São Raimundo das Mangabeiras - MA,2012,932.0,14.0
2111607,São Raimundo das Mangabeiras - MA,2013,950.0,15.0
2111607,São Raimundo das Mangabeiras - MA,2014,864.0,17.0
2111607,São Raimundo das Mangabeiras - MA,2015,838.0,14.0
2111607,São Raimundo das Mangabeiras - MA,2016,804.0,12.0
2111607,São Raimundo das Mangabeiras - MA,2017,841.0,13.0
2111607,São Raimundo das Mangabeiras - MA,2018,1700.0,36.0
2111607,São Raimundo das Mangabeiras - MA,2019,1280.0,25.0
2111607,São Raimundo das Mangabeiras - MA,2020,1300.0,26.0
2111607,São Raimundo das Mangabeiras - MA,2021,1000.0,24.0
2111607,São Raimundo das Mangabeiras - MA,2022,976.0,27.0
2111607,São Raimundo das Mangabeiras - MA,2023,982.0,34.0
2111607,São Raimundo das Mangabeiras - MA,2024,970.0,36.0
2111706,São Vicente Ferrer - MA,1995,208.0,0.0
2111706,São Vicente Ferrer - MA,1996,210.0,1.0
2111706,São Vicente Ferrer - MA,2016,1170.0,14.0
2111706,São Vicente Ferrer - MA,2017,600.0,13.0
2111706,São Vicente Ferrer - MA,2018,880.0,18.0
2111706,São Vicente Ferrer - MA,2019,850.0,15.0
2111706,São Vicente Ferrer - MA,2020,820.0,16.0
2111706,São Vicente Ferrer - MA,2021,915.0,18.0
2111706,São Vicente Ferrer - MA,2022,1010.0,22.0
2111706,São Vicente Ferrer - MA,2023,1200.0,29.0
2111706,São Vicente Ferrer - MA,2024,1300.0,33.0
2112308,Tuntum - MA,2011,10.0,0.0
2112308,Tuntum - MA,2012,15.0,0.0
2112308,Tuntum - MA,2013,17.0,0.0
2112308,Tuntum - MA,2014,20.0,0.0
2112308,Tuntum - MA,2015,25.0,0.0
2112308,Tuntum - MA,2016,50.0,1.0
2112308,Tuntum - MA,2017,210.0,3.0
2112308,Tuntum - MA,2018,180.0,2.0
2112407,Turiaçu - MA,1995,218.0,1.0
2112605,Urbano Santos - MA,1997,1072.0,3.0
2112605,Urbano Santos - MA,1998,1100.0,9.0
2112605,Urbano Santos - MA,1999,1200.0,5.0
2112605,Urbano Santos - MA,2000,1223.0,5.0
2112605,Urbano Santos - MA,2001,1284.0,5.0
2112605,Urbano Santos - MA,2002,1300.0,8.0
2112605,Urbano Santos - MA,2003,2000.0,20.0
2112605,Urbano Santos - MA,2004,2300.0,35.0
2112605,Urbano Santos - MA,2005,2450.0,37.0
2112605,Urbano Santos - MA,2006,2380.0,31.0
2112605,Urbano Santos - MA,2007,2500.0,38.0
2112605,Urbano Santos - MA,2008,2600.0,39.0
2112605,Urbano Santos - MA,2009,2300.0,37.0
2112605,Urbano Santos - MA,2010,2500.0,45.0
2112605,Urbano Santos - MA,2011,2560.0,61.0
2112605,Urbano Santos - MA,2012,2600.0,39.0
2112605,Urbano Santos - MA,2013,2100.0,46.0
2112605,Urbano Santos - MA,2014,1800.0,34.0
2112605,Urbano Santos - MA,2015,1200.0,23.0
2112605,Urbano Santos - MA,2016,980.0,19.0
2112605,Urbano Santos - MA,2017,80.0,2.0
2112605,Urbano Santos - MA,2018,70.0,2.0
2112803,Viana - MA,1997,657.0,3.0
2112803,Viana - MA,1998,660.0,3.0
2112803,Viana - MA,1999,665.0,5.0
2112803,Viana - MA,2000,671.0,5.0
2112803,Viana - MA,2002,689.0,2.0
2112803,Viana - MA,2003,723.0,4.0
2112803,Viana - MA,2004,980.0,5.0
2112803,Viana - MA,2005,69500.0,167.0
2112803,Viana - MA,2006,96785.0,213.0
2112803,Viana - MA,2007,99688.0,249.0
2112803,Viana - MA,2008,103368.0,300.0
2112803,Viana - MA,2009,111128.0,378.0
2112803,Viana - MA,2010,94458.0,349.0
2112803,Viana - MA,2011,99181.0,397.0
2112803,Viana - MA,2012,94221.0,471.0
2112803,Viana - MA,2013,98680.0,592.0
2112803,Viana - MA,2014,92610.0,741.0
2112803,Viana - MA,2015,83349.0,833.0
2112803,Viana - MA,2016,127500.0,1275.0
2112803,Viana - MA,2017,286995.0,2798.0
2112803,Viana - MA,2018,208510.0,1668.0
2112803,Viana - MA,2019,180900.0,1628.0
2112803,Viana - MA,2020,165800.0,1658.0
2112803,Viana - MA,2021,155800.0,2804.0
2112803,Viana - MA,2022,242250.0,3028.0
2112803,Viana - MA,2023,195200.0,1562.0
2112803,Viana - MA,2024,147000.0,1985.0
2112852,Vila Nova dos Martírios - MA,2014,525.0,9.0
2112852,Vila Nova dos Martírios - MA,2015,625.0,10.0
2112852,Vila Nova dos Martírios - MA,2016,200.0,4.0
2112852,Vila Nova dos Martírios - MA,2017,200.0,4.0
2112852,Vila Nova dos Martírios - MA,2018,230.0,5.0
2112852,Vila Nova dos Martírios - MA,2019,220.0,5.0
2112852,Vila Nova dos Martírios - MA,2020,110.0,3.0
2112852,Vila Nova dos Martírios - MA,2021,100.0,3.0
2112852,Vila Nova dos Martírios - MA,2022,93.0,3.0
2112852,Vila Nova dos Martírios - MA,2023,150.0,6.0
2112852,Vila Nova dos Martírios - MA,2024,140.0,5.0
2112902,Vitória do Mearim - MA,1996,215.0,1.0
2112902,Vitória do Mearim - MA,1997,279.0,1.0
2112902,Vitória do Mearim - MA,1998,282.0,1.0
2112902,Vitória do Mearim - MA,1999,284.0,2.0
2112902,Vitória do Mearim - MA,2000,473.0,4.0
2112902,Vitória do Mearim - MA,2001,810.0,8.0
2112902,Vitória do Mearim - MA,2002,737.0,7.0
2112902,Vitória do Mearim - MA,2003,1200.0,6.0
2112902,Vitória do Mearim - MA,2004,1309.0,8.0
2112902,Vitória do Mearim - MA,2005,2009.0,5.0
2112902,Vitória do Mearim - MA,2006,2149.0,5.0
2112902,Vitória do Mearim - MA,2007,2213.0,6.0
2112902,Vitória do Mearim - MA,2008,2323.0,7.0
2112902,Vitória do Mearim - MA,2009,2368.0,8.0
2112902,Vitória do Mearim - MA,2010,2013.0,7.0
2112902,Vitória do Mearim - MA,2011,2053.0,8.0
2112902,Vitória do Mearim - MA,2012,2094.0,10.0
2112902,Vitória do Mearim - MA,2013,230.0,2.0
2112902,Vitória do Mearim - MA,2014,240.0,2.0
2112902,Vitória do Mearim - MA,2015,247.0,2.0
2112902,Vitória do Mearim - MA,2016,220.0,2.0
2112902,Vitória do Mearim - MA,2017,700.0,10.0
2112902,Vitória do Mearim - MA,2018,650.0,9.0
2112902,Vitória do Mearim - MA,2019,700.0,9.0
2112902,Vitória do Mearim - MA,2020,750.0,11.0
2112902,Vitória do Mearim - MA,2021,810.0,15.0
2112902,Vitória do Mearim - MA,2022,950.0,13.0
2112902,Vitória do Mearim - MA,2023,900.0,12.0
2112902,Vitória do Mearim - MA,2024,950.0,13.0
2114007,Zé Doca - MA,2000,2897.0,7.0
2114007,Zé Doca - MA,2001,2868.0,7.0
2114007,Zé Doca - MA,2003,2934.0,13.0
2114007,Zé Doca - MA,2004,3000.0,11.0
2114007,Zé Doca - MA,2005,2850.0,8.0
2114007,Zé Doca - MA,2006,2793.0,8.0
2114007,Zé Doca - MA,2007,1955.0,4.0
2114007,Zé Doca - MA,2008,1759.0,5.0
2114007,Zé Doca - MA,2009,1671.0,8.0
2114007,Zé Doca - MA,2010,1521.0,8.0
2114007,Zé Doca - MA,2011,1530.0,8.0
2114007,Zé Doca - MA,2012,1385.0,12.0
2114007,Zé Doca - MA,2013,1537.0,22.0
2114007,Zé Doca - MA,2014,1668.0,27.0
2114007,Zé Doca - MA,2015,1505.0,24.0
2114007,Zé Doca - MA,2016,1421.0,21.0
2114007,Zé Doca - MA,2017,1485.0,24.0
2114007,Zé Doca - MA,2018,1512.0,26.0
2114007,Zé Doca - MA,2019,1496.0,25.0
2114007,Zé Doca - MA,2020,1513.0,27.0
2114007,Zé Doca - MA,2021,1477.0,28.0
2114007,Zé Doca - MA,2022,1258.0,22.0
2114007,Zé Doca - MA,2023,1346.0,19.0
2114007,Zé Doca - MA,2024,1500.0,23.0
